-- phpMyAdmin SQL Dump
-- version 4.4.14
-- http://www.phpmyadmin.net
--
-- Host: 127.0.0.1
-- Generation Time: Jun 05, 2018 at 11:13 AM
-- Server version: 5.6.26
-- PHP Version: 5.6.12

SET SQL_MODE = "NO_AUTO_VALUE_ON_ZERO";
SET time_zone = "+00:00";


/*!40101 SET @OLD_CHARACTER_SET_CLIENT=@@CHARACTER_SET_CLIENT */;
/*!40101 SET @OLD_CHARACTER_SET_RESULTS=@@CHARACTER_SET_RESULTS */;
/*!40101 SET @OLD_COLLATION_CONNECTION=@@COLLATION_CONNECTION */;
/*!40101 SET NAMES utf8mb4 */;

--
-- Database: `sm`
--

-- --------------------------------------------------------

--
-- Table structure for table `workout_activity_logs`
--

CREATE TABLE IF NOT EXISTS `workout_activity_logs` (
  `id` int(11) NOT NULL,
  `user_id` int(11) NOT NULL,
  `log_type` int(11) NOT NULL,
  `log_description` text NOT NULL,
  `trainer_id` int(11) NOT NULL,
  `client_id` int(11) NOT NULL,
  `created_at` timestamp NOT NULL DEFAULT CURRENT_TIMESTAMP ON UPDATE CURRENT_TIMESTAMP
) ENGINE=InnoDB AUTO_INCREMENT=7 DEFAULT CHARSET=latin1;

--
-- Dumping data for table `workout_activity_logs`
--

INSERT INTO `workout_activity_logs` (`id`, `user_id`, `log_type`, `log_description`, `trainer_id`, `client_id`, `created_at`) VALUES
(1, 4, 0, 'Created Workout', 4, 0, '2018-05-30 08:01:31'),
(2, 4, 0, 'Completed Workout', 4, 3, '2018-05-30 07:13:02'),
(3, 4, 0, 'Assigned Workout', 4, 3, '2018-05-30 07:13:02'),
(4, 4, 0, 'Created Workout', 4, 0, '2018-05-30 07:13:02'),
(5, 4, 0, 'Created Workout', 4, 0, '2018-05-30 07:13:02'),
(6, 4, 0, 'Added Client', 4, 3, '2018-05-30 09:02:54');

-- --------------------------------------------------------

--
-- Table structure for table `workout_client_exercises_logs`
--

CREATE TABLE IF NOT EXISTS `workout_client_exercises_logs` (
  `id` int(11) NOT NULL,
  `exercise_id` int(11) NOT NULL,
  `client_id` int(11) NOT NULL,
  `day_id` int(11) NOT NULL,
  `workout_id` int(11) NOT NULL
) ENGINE=InnoDB DEFAULT CHARSET=latin1;

-- --------------------------------------------------------

--
-- Table structure for table `workout_client_exercise_assignments`
--

CREATE TABLE IF NOT EXISTS `workout_client_exercise_assignments` (
  `id` int(11) NOT NULL,
  `exercise_id` int(11) NOT NULL,
  `client_id` int(11) NOT NULL
) ENGINE=InnoDB AUTO_INCREMENT=8 DEFAULT CHARSET=latin1;

--
-- Dumping data for table `workout_client_exercise_assignments`
--

INSERT INTO `workout_client_exercise_assignments` (`id`, `exercise_id`, `client_id`) VALUES
(2, 3, 3),
(3, 4, 3),
(4, 3, 5),
(5, 4, 5),
(6, 10, 3),
(7, 11, 3);

-- --------------------------------------------------------

--
-- Table structure for table `workout_client_exercise_assignment_sets`
--

CREATE TABLE IF NOT EXISTS `workout_client_exercise_assignment_sets` (
  `id` int(11) NOT NULL,
  `assignment_id` int(11) NOT NULL,
  `reps` varchar(255) NOT NULL,
  `weight` varchar(255) NOT NULL,
  `seq` int(11) NOT NULL
) ENGINE=InnoDB AUTO_INCREMENT=31 DEFAULT CHARSET=latin1;

--
-- Dumping data for table `workout_client_exercise_assignment_sets`
--

INSERT INTO `workout_client_exercise_assignment_sets` (`id`, `assignment_id`, `reps`, `weight`, `seq`) VALUES
(3, 2, '10 sec', '', 1),
(4, 2, '10 sec', '', 2),
(5, 2, '10 sec', '', 3),
(6, 2, '10 sec', '', 4),
(7, 2, '10 sec', '', 5),
(8, 2, '10 sec', '', 6),
(9, 3, '30 sec', '', 1),
(10, 3, '30 sec', '', 2),
(11, 3, '30 sec', '', 3),
(12, 3, '30 sec', '', 4),
(13, 3, '30 sec', '', 5),
(14, 3, '30 sec', '', 6),
(15, 4, '10 sec', '', 1),
(16, 4, '10 sec', '', 2),
(17, 4, '10 sec', '', 3),
(18, 4, '10 sec', '', 4),
(19, 4, '10 sec', '', 5),
(20, 4, '10 sec', '', 6),
(21, 5, '30 sec', '', 1),
(22, 5, '30 sec', '', 2),
(23, 5, '30 sec', '', 3),
(24, 5, '30 sec', '', 4),
(25, 5, '30 sec', '', 5),
(26, 5, '30 sec', '', 6),
(27, 6, '8', '', 1),
(28, 6, '8', '', 2),
(29, 7, '4', '', 1),
(30, 7, '4', '', 2);

-- --------------------------------------------------------

--
-- Table structure for table `workout_client_set_logs`
--

CREATE TABLE IF NOT EXISTS `workout_client_set_logs` (
  `id` int(11) NOT NULL,
  `client_id` int(11) NOT NULL,
  `exercise_log_id` int(11) NOT NULL,
  `reps` varchar(255) NOT NULL,
  `isMet` tinyint(1) NOT NULL,
  `isDone` tinyint(1) NOT NULL,
  `seq` int(11) NOT NULL
) ENGINE=InnoDB DEFAULT CHARSET=latin1;

-- --------------------------------------------------------

--
-- Table structure for table `workout_days_tbl`
--

CREATE TABLE IF NOT EXISTS `workout_days_tbl` (
  `wday_ID` int(11) unsigned NOT NULL,
  `wday_workout_ID` int(11) unsigned NOT NULL,
  `wday_name` varchar(255) NOT NULL,
  `wday_order` int(11) NOT NULL
) ENGINE=InnoDB AUTO_INCREMENT=12 DEFAULT CHARSET=latin1;

--
-- Dumping data for table `workout_days_tbl`
--

INSERT INTO `workout_days_tbl` (`wday_ID`, `wday_workout_ID`, `wday_name`, `wday_order`) VALUES
(3, 1, 'd1', 1),
(6, 3, 'New Day', 1),
(7, 3, 'New Day 2', 2),
(8, 4, 'Day 1', 1),
(9, 4, 'Day 2', 2),
(10, 4, 'DAy 3', 3),
(11, 4, 'Day 4', 4);

-- --------------------------------------------------------

--
-- Table structure for table `workout_day_clients_tbl`
--

CREATE TABLE IF NOT EXISTS `workout_day_clients_tbl` (
  `workout_client_ID` int(11) unsigned NOT NULL,
  `workout_client_dayID` int(11) NOT NULL,
  `workout_client_workout_ID` int(11) NOT NULL,
  `workout_clientID` int(11) NOT NULL,
  `workout_day_availability` int(11) NOT NULL,
  `workout_client_schedule` datetime NOT NULL
) ENGINE=InnoDB AUTO_INCREMENT=16 DEFAULT CHARSET=latin1 ROW_FORMAT=COMPACT;

--
-- Dumping data for table `workout_day_clients_tbl`
--

INSERT INTO `workout_day_clients_tbl` (`workout_client_ID`, `workout_client_dayID`, `workout_client_workout_ID`, `workout_clientID`, `workout_day_availability`, `workout_client_schedule`) VALUES
(5, 3, 1, 3, 2, '2018-06-05 12:00:00'),
(10, 6, 3, 3, 2, '2018-06-05 12:00:00'),
(11, 7, 3, 3, 3, '2018-06-06 12:00:00'),
(12, 8, 4, 3, 2, '2018-06-05 12:00:00'),
(13, 9, 4, 3, 3, '2018-06-06 12:00:00'),
(14, 10, 4, 3, 4, '2018-06-07 12:00:00'),
(15, 11, 4, 3, 5, '2018-06-08 12:00:00');

-- --------------------------------------------------------

--
-- Table structure for table `workout_exercises_tbl`
--

CREATE TABLE IF NOT EXISTS `workout_exercises_tbl` (
  `exer_ID` int(11) NOT NULL,
  `exer_day_ID` int(11) NOT NULL,
  `exer_workout_ID` int(11) NOT NULL,
  `exer_body_part` varchar(255) DEFAULT NULL,
  `exer_type` varchar(255) DEFAULT NULL,
  `exer_exercise_1` varchar(255) DEFAULT NULL,
  `exer_exercise_2` varchar(255) DEFAULT NULL,
  `exer_sq` varchar(10) DEFAULT NULL,
  `exer_sets` int(11) DEFAULT NULL,
  `exer_rep` text,
  `exer_tempo` varchar(255) DEFAULT NULL,
  `exer_rest` varchar(255) DEFAULT NULL,
  `exer_impl1` varchar(255) DEFAULT NULL,
  `hash` varchar(255) NOT NULL
) ENGINE=InnoDB AUTO_INCREMENT=21 DEFAULT CHARSET=latin1;

--
-- Dumping data for table `workout_exercises_tbl`
--

INSERT INTO `workout_exercises_tbl` (`exer_ID`, `exer_day_ID`, `exer_workout_ID`, `exer_body_part`, `exer_type`, `exer_exercise_1`, `exer_exercise_2`, `exer_sq`, `exer_sets`, `exer_rep`, `exer_tempo`, `exer_rest`, `exer_impl1`, `hash`) VALUES
(2, 3, 1, 'Abs/Hip Flexors', 'Side Bridge', NULL, NULL, 'H', 5, '8', NULL, NULL, NULL, '5b150c49d16a9'),
(10, 6, 3, 'Calves', 'Tibialis Anterior Flexion - Seated - Uni-lateral w/band', 'Hip Width Stancer', NULL, 'H', 2, '8', '4011', '45 sec', 'Kettlebell', '5b161e436bdf8'),
(11, 6, 3, 'Biceps', 'Incline DB Zottman Curl', '45u00b0  Incliner', '1.25 repsr', 'MS', 2, '4', '40X1', '60 sec', 'Barbell', '5b161e5eb2e88'),
(13, 0, 3, NULL, NULL, NULL, NULL, NULL, NULL, NULL, NULL, NULL, NULL, '5b161eca35042'),
(14, 7, 3, 'Back', 'Bent-Over Row - Neutral grip', NULL, NULL, 'H', NULL, '7', '3011', '30 sec', NULL, '5b161ed3de0c0'),
(15, 7, 3, 'Back', 'Bent-Over Row - Elbows Out', NULL, NULL, NULL, NULL, NULL, NULL, NULL, NULL, '5b161ee19efd2'),
(16, 8, 4, 'Back', 'Bent-Over Row - Neutral grip', 'Semi-Pronated Gripr', '60u00b0  Incline        r', 'MS', 2, '2', '50X1', '45 sec', 'Dumbbell', '5b161f96a2699'),
(17, 8, 4, 'Abs/Hip Flexors', 'Side Bridge', NULL, NULL, 'ES', 3, '5 sec', 'maximal', '45 sec', NULL, '5b161fab7b25c'),
(18, 9, 4, 'Abs/Hip Flexors', 'Side Bridge', 'Side        r', NULL, 'MS', 3, '4', '50X1', '45 sec', 'Mid Pulley', '5b161feb49b48'),
(19, 10, 4, 'Back', 'Bent-Over DB Row - Elbows Out', 'Semi-Supinated Gripr', '75u00b0  Incliner', 'SE', 2, '25-30', '2010', '30 sec', 'Dumbbell', '5b161fece5182'),
(20, 11, 4, 'Back', 'Bent-Over Row - Neutral grip', 'Semi-Supinated Gripr', '60u00b0  Incline        r', 'H', 2, '7', '3011', '45 sec', 'T-Grip Barbell', '5b161fee59e2c');

-- --------------------------------------------------------

--
-- Table structure for table `workout_exercise_options_tbl`
--

CREATE TABLE IF NOT EXISTS `workout_exercise_options_tbl` (
  `id` int(11) NOT NULL,
  `part` varchar(255) NOT NULL,
  `options` text NOT NULL
) ENGINE=InnoDB AUTO_INCREMENT=18 DEFAULT CHARSET=latin1;

--
-- Dumping data for table `workout_exercise_options_tbl`
--

INSERT INTO `workout_exercise_options_tbl` (`id`, `part`, `options`) VALUES
(1, 'Abs/Hip Flexors', '[{"type":"Abs Wheel Rollout","exercise_1":[],"exercise_2":[],"implementation_options":["Low Pulley","Mid Pulley","High Pulley","Dumbbell","Weighted","Medicine Ball","Kettlebell","Swiss Ball","AbMat","Slant Bench","Ab Bench"]},{"type":"Plank","exercise_1":["Bent-Kneer","4 pointr","3 pointr","2 pointr","Dynamic"],"exercise_2":[],"implementation_options":["Low Pulley","Mid Pulley","High Pulley","Dumbbell","Weighted","Medicine Ball","Kettlebell","Swiss Ball","AbMat","Slant Bench","Ab Bench"]},{"type":"Side Bridge","exercise_1":["Bent-Kneer","Side        r","Rotate and reach"],"exercise_2":[],"implementation_options":["Low Pulley","Mid Pulley","High Pulley","Dumbbell","Weighted","Medicine Ball","Kettlebell","Swiss Ball","AbMat","Slant Bench","Ab Bench"]},{"type":"Core Row","exercise_1":[],"exercise_2":[],"implementation_options":["Low Pulley","Mid Pulley","High Pulley","Dumbbell","Weighted","Medicine Ball","Kettlebell","Swiss Ball","AbMat","Slant Bench","Ab Bench"]},{"type":"Kneeling Cable Crunch","exercise_1":[],"exercise_2":[],"implementation_options":["Low Pulley","Mid Pulley","High Pulley","Dumbbell","Weighted","Medicine Ball","Kettlebell","Swiss Ball","AbMat","Slant Bench","Ab Bench"]},{"type":"AbMat Crunch","exercise_1":[],"exercise_2":[],"implementation_options":["Low Pulley","Mid Pulley","High Pulley","Dumbbell","Weighted","Medicine Ball","Kettlebell","Swiss Ball","AbMat","Slant Bench","Ab Bench"]},{"type":"Crunch","exercise_1":[],"exercise_2":[],"implementation_options":["Low Pulley","Mid Pulley","High Pulley","Dumbbell","Weighted","Medicine Ball","Kettlebell","Swiss Ball","AbMat","Slant Bench","Ab Bench"]},{"type":"Swiss Ball Crunch","exercise_1":[],"exercise_2":[],"implementation_options":["Low Pulley","Mid Pulley","High Pulley","Dumbbell","Weighted","Medicine Ball","Kettlebell","Swiss Ball","AbMat","Slant Bench","Ab Bench"]},{"type":"Supine Crossover Crunch","exercise_1":[],"exercise_2":[],"implementation_options":["Low Pulley","Mid Pulley","High Pulley","Dumbbell","Weighted","Medicine Ball","Kettlebell","Swiss Ball","AbMat","Slant Bench","Ab Bench"]},{"type":"Low Cable Pull-in","exercise_1":["Bilateral            r","Unilateral"],"exercise_2":[],"implementation_options":["Low Pulley","Mid Pulley","High Pulley","Dumbbell","Weighted","Medicine Ball","Kettlebell","Swiss Ball","AbMat","Slant Bench","Ab Bench"]},{"type":"Garhammer Leg Raise, Hanging","exercise_1":[],"exercise_2":[],"implementation_options":["Low Pulley","Mid Pulley","High Pulley","Dumbbell","Weighted","Medicine Ball","Kettlebell","Swiss Ball","AbMat","Slant Bench","Ab Bench"]},{"type":"Situp","exercise_1":["Bent-Knee, Flatr","Bent-Knee, decline"],"exercise_2":[],"implementation_options":["Low Pulley","Mid Pulley","High Pulley","Dumbbell","Weighted","Medicine Ball","Kettlebell","Swiss Ball","AbMat","Slant Bench","Ab Bench"]},{"type":"GH Situp","exercise_1":[],"exercise_2":[],"implementation_options":["Low Pulley","Mid Pulley","High Pulley","Dumbbell","Weighted","Medicine Ball","Kettlebell","Swiss Ball","AbMat","Slant Bench","Ab Bench"]},{"type":"Supine Hip Flexion","exercise_1":[],"exercise_2":[],"implementation_options":["Low Pulley","Mid Pulley","High Pulley","Dumbbell","Weighted","Medicine Ball","Kettlebell","Swiss Ball","AbMat","Slant Bench","Ab Bench"]},{"type":"Standing Cable Hip Flexion","exercise_1":[],"exercise_2":[],"implementation_options":["Low Pulley","Mid Pulley","High Pulley","Dumbbell","Weighted","Medicine Ball","Kettlebell","Swiss Ball","AbMat","Slant Bench","Ab Bench"]},{"type":"Prone Swiss Ball Pike","exercise_1":["Unilateral"],"exercise_2":[],"implementation_options":["Low Pulley","Mid Pulley","High Pulley","Dumbbell","Weighted","Medicine Ball","Kettlebell","Swiss Ball","AbMat","Slant Bench","Ab Bench"]},{"type":"Seated Knee Pull-in","exercise_1":["Bench"],"exercise_2":[],"implementation_options":["Low Pulley","Mid Pulley","High Pulley","Dumbbell","Weighted","Medicine Ball","Kettlebell","Swiss Ball","AbMat","Slant Bench","Ab Bench"]},{"type":"Prone TRX Knee Pull-In","exercise_1":["Swiss Ball"],"exercise_2":[],"implementation_options":["Low Pulley","Mid Pulley","High Pulley","Dumbbell","Weighted","Medicine Ball","Kettlebell","Swiss Ball","AbMat","Slant Bench","Ab Bench"]},{"type":"Land Mine ","exercise_1":["Rotation"],"exercise_2":[],"implementation_options":["Low Pulley","Mid Pulley","High Pulley","Dumbbell","Weighted","Medicine Ball","Kettlebell","Swiss Ball","AbMat","Slant Bench","Ab Bench"]},{"type":"Standing Side Flexion","exercise_1":[],"exercise_2":[],"implementation_options":["Low Pulley","Mid Pulley","High Pulley","Dumbbell","Weighted","Medicine Ball","Kettlebell","Swiss Ball","AbMat","Slant Bench","Ab Bench"]},{"type":"45 Degree Side Flexion","exercise_1":["Swiss Ball"],"exercise_2":[],"implementation_options":["Low Pulley","Mid Pulley","High Pulley","Dumbbell","Weighted","Medicine Ball","Kettlebell","Swiss Ball","AbMat","Slant Bench","Ab Bench"]},{"type":"Upright Leg Raise","exercise_1":[],"exercise_2":[],"implementation_options":["Low Pulley","Mid Pulley","High Pulley","Dumbbell","Weighted","Medicine Ball","Kettlebell","Swiss Ball","AbMat","Slant Bench","Ab Bench"]},{"type":"Hanging Leg Raise","exercise_1":["Twistingr","Straight Legr","Bent-Knee"],"exercise_2":[],"implementation_options":["Low Pulley","Mid Pulley","High Pulley","Dumbbell","Weighted","Medicine Ball","Kettlebell","Swiss Ball","AbMat","Slant Bench","Ab Bench"]},{"type":"Leg Lowering","exercise_1":["Bilateral            r","Alternating"],"exercise_2":[],"implementation_options":["Low Pulley","Mid Pulley","High Pulley","Dumbbell","Weighted","Medicine Ball","Kettlebell","Swiss Ball","AbMat","Slant Bench","Ab Bench"]},{"type":"Reverse Crunch","exercise_1":["Incliner","Flatr","AbMat"],"exercise_2":[],"implementation_options":["Low Pulley","Mid Pulley","High Pulley","Dumbbell","Weighted","Medicine Ball","Kettlebell","Swiss Ball","AbMat","Slant Bench","Ab Bench"]},{"type":"Toes to Bar","exercise_1":[],"exercise_2":[],"implementation_options":["Low Pulley","Mid Pulley","High Pulley","Dumbbell","Weighted","Medicine Ball","Kettlebell","Swiss Ball","AbMat","Slant Bench","Ab Bench"]},{"type":"Supine Windsheild Wipers","exercise_1":[],"exercise_2":[],"implementation_options":["Low Pulley","Mid Pulley","High Pulley","Dumbbell","Weighted","Medicine Ball","Kettlebell","Swiss Ball","AbMat","Slant Bench","Ab Bench"]},{"type":"Cable Woodchop","exercise_1":["Standing"],"exercise_2":["Horizontal"],"implementation_options":["Low Pulley","Mid Pulley","High Pulley","Dumbbell","Weighted","Medicine Ball","Kettlebell","Swiss Ball","AbMat","Slant Bench","Ab Bench"]},{"type":"Seated Cable Woodchop","exercise_1":["Kneeling"],"exercise_2":[],"implementation_options":["Low Pulley","Mid Pulley","High Pulley","Dumbbell","Weighted","Medicine Ball","Kettlebell","Swiss Ball","AbMat","Slant Bench","Ab Bench"]},{"type":"Kneeling Cable Woodchop","exercise_1":["Seated"],"exercise_2":[],"implementation_options":["Low Pulley","Mid Pulley","High Pulley","Dumbbell","Weighted","Medicine Ball","Kettlebell","Swiss Ball","AbMat","Slant Bench","Ab Bench"]},{"type":"Cable Reverse Woodchop","exercise_1":[],"exercise_2":[],"implementation_options":["Low Pulley","Mid Pulley","High Pulley","Dumbbell","Weighted","Medicine Ball","Kettlebell","Swiss Ball","AbMat","Slant Bench","Ab Bench"]},{"type":"Russian Twist","exercise_1":[],"exercise_2":[],"implementation_options":["Low Pulley","Mid Pulley","High Pulley","Dumbbell","Weighted","Medicine Ball","Kettlebell","Swiss Ball","AbMat","Slant Bench","Ab Bench"]},{"type":"Forward Ball Rollout","exercise_1":[],"exercise_2":[],"implementation_options":["Low Pulley","Mid Pulley","High Pulley","Dumbbell","Weighted","Medicine Ball","Kettlebell","Swiss Ball","AbMat","Slant Bench","Ab Bench"]},{"type":"TRX  Kneeling Rollout","exercise_1":[],"exercise_2":[],"implementation_options":["Low Pulley","Mid Pulley","High Pulley","Dumbbell","Weighted","Medicine Ball","Kettlebell","Swiss Ball","AbMat","Slant Bench","Ab Bench"]},{"type":"TRX Crunch","exercise_1":[],"exercise_2":[],"implementation_options":["Low Pulley","Mid Pulley","High Pulley","Dumbbell","Weighted","Medicine Ball","Kettlebell","Swiss Ball","AbMat","Slant Bench","Ab Bench"]},{"type":"Stir The Pot","exercise_1":[],"exercise_2":[],"implementation_options":["Low Pulley","Mid Pulley","High Pulley","Dumbbell","Weighted","Medicine Ball","Kettlebell","Swiss Ball","AbMat","Slant Bench","Ab Bench"]}]'),
(2, 'Back', '[{"type":"Bent-Over Row - Pronated Grip","exercise_1":["Pronated Gripr","Semi-Pronated Gripr","Neutral Gripr","Semi-Supinated Gripr","Supinated Gripr","Supinating Grip"],"exercise_2":["30u00b0  Incliner","45u00b0  Incliner","60u00b0  Incline        r","75u00b0  Incliner","Close Gripr","Medium Gripr","Wide Grip"],"implementation_options":["Barbell","Dumbbell","T-Grip Barbell","Football Bar","Thick Barbell","TRX","Kettlebell","EZ Bar","Log Bar","Low Pulley","Mid Pulley","High Pulley","Thick Dumbbell","Cambered Bar","Fat Gripz","Stirrup Handles","Rope Attachment","add Custom"]},{"type":"Bent-Over Row - Elbows Out","exercise_1":["Pronated Gripr","Semi-Pronated Gripr","Neutral Gripr","Semi-Supinated Gripr","Supinated Gripr","Supinating Grip"],"exercise_2":["30u00b0  Incliner","45u00b0  Incliner","60u00b0  Incline        r","75u00b0  Incliner","Close Gripr","Medium Gripr","Wide Grip"],"implementation_options":["Barbell","Dumbbell","T-Grip Barbell","Football Bar","Thick Barbell","TRX","Kettlebell","EZ Bar","Log Bar","Low Pulley","Mid Pulley","High Pulley","Thick Dumbbell","Cambered Bar","Fat Gripz","Stirrup Handles","Rope Attachment","add Custom"]},{"type":"Bent-Over Row - Supinated Grip","exercise_1":["Pronated Gripr","Semi-Pronated Gripr","Neutral Gripr","Semi-Supinated Gripr","Supinated Gripr","Supinating Grip"],"exercise_2":["30u00b0  Incliner","45u00b0  Incliner","60u00b0  Incline        r","75u00b0  Incliner","Close Gripr","Medium Gripr","Wide Grip"],"implementation_options":["Barbell","Dumbbell","T-Grip Barbell","Football Bar","Thick Barbell","TRX","Kettlebell","EZ Bar","Log Bar","Low Pulley","Mid Pulley","High Pulley","Thick Dumbbell","Cambered Bar","Fat Gripz","Stirrup Handles","Rope Attachment","add Custom"]},{"type":"Bent-Over Row - Neutral grip","exercise_1":["Pronated Gripr","Semi-Pronated Gripr","Neutral Gripr","Semi-Supinated Gripr","Supinated Gripr","Supinating Grip"],"exercise_2":["30u00b0  Incliner","45u00b0  Incliner","60u00b0  Incline        r","75u00b0  Incliner","Close Gripr","Medium Gripr","Wide Grip"],"implementation_options":["Barbell","Dumbbell","T-Grip Barbell","Football Bar","Thick Barbell","TRX","Kettlebell","EZ Bar","Log Bar","Low Pulley","Mid Pulley","High Pulley","Thick Dumbbell","Cambered Bar","Fat Gripz","Stirrup Handles","Rope Attachment","add Custom"]},{"type":"Bent-Over DB Row - Neutral","exercise_1":["Pronated Gripr","Semi-Pronated Gripr","Neutral Gripr","Semi-Supinated Gripr","Supinated Gripr","Supinating Grip"],"exercise_2":["30u00b0  Incliner","45u00b0  Incliner","60u00b0  Incline        r","75u00b0  Incliner","Close Gripr","Medium Gripr","Wide Grip"],"implementation_options":["Barbell","Dumbbell","T-Grip Barbell","Football Bar","Thick Barbell","TRX","Kettlebell","EZ Bar","Log Bar","Low Pulley","Mid Pulley","High Pulley","Thick Dumbbell","Cambered Bar","Fat Gripz","Stirrup Handles","Rope Attachment","add Custom"]},{"type":"Bent-Over DB Row - Supinating","exercise_1":["Pronated Gripr","Semi-Pronated Gripr","Neutral Gripr","Semi-Supinated Gripr","Supinated Gripr","Supinating Grip"],"exercise_2":["30u00b0  Incliner","45u00b0  Incliner","60u00b0  Incline        r","75u00b0  Incliner","Close Gripr","Medium Gripr","Wide Grip"],"implementation_options":["Barbell","Dumbbell","T-Grip Barbell","Football Bar","Thick Barbell","TRX","Kettlebell","EZ Bar","Log Bar","Low Pulley","Mid Pulley","High Pulley","Thick Dumbbell","Cambered Bar","Fat Gripz","Stirrup Handles","Rope Attachment","add Custom"]},{"type":"Bent-Over DB Row - Elbows Out","exercise_1":["Pronated Gripr","Semi-Pronated Gripr","Neutral Gripr","Semi-Supinated Gripr","Supinated Gripr","Supinating Grip"],"exercise_2":["30u00b0  Incliner","45u00b0  Incliner","60u00b0  Incline        r","75u00b0  Incliner","Close Gripr","Medium Gripr","Wide Grip"],"implementation_options":["Barbell","Dumbbell","T-Grip Barbell","Football Bar","Thick Barbell","TRX","Kettlebell","EZ Bar","Log Bar","Low Pulley","Mid Pulley","High Pulley","Thick Dumbbell","Cambered Bar","Fat Gripz","Stirrup Handles","Rope Attachment","add Custom"]},{"type":"Chin-up - Close Grip","exercise_1":["Pronated Gripr","Semi-Pronated Gripr","Neutral Gripr","Semi-Supinated Gripr","Supinated Gripr","Supinating Grip"],"exercise_2":["30u00b0  Incliner","45u00b0  Incliner","60u00b0  Incline        r","75u00b0  Incliner","Close Gripr","Medium Gripr","Wide Grip"],"implementation_options":["Barbell","Dumbbell","T-Grip Barbell","Football Bar","Thick Barbell","TRX","Kettlebell","EZ Bar","Log Bar","Low Pulley","Mid Pulley","High Pulley","Thick Dumbbell","Cambered Bar","Fat Gripz","Stirrup Handles","Rope Attachment","add Custom"]},{"type":"Chin-up - Mid Grip","exercise_1":["Pronated Gripr","Semi-Pronated Gripr","Neutral Gripr","Semi-Supinated Gripr","Supinated Gripr","Supinating Grip"],"exercise_2":["30u00b0  Incliner","45u00b0  Incliner","60u00b0  Incline        r","75u00b0  Incliner","Close Gripr","Medium Gripr","Wide Grip"],"implementation_options":["Barbell","Dumbbell","T-Grip Barbell","Football Bar","Thick Barbell","TRX","Kettlebell","EZ Bar","Log Bar","Low Pulley","Mid Pulley","High Pulley","Thick Dumbbell","Cambered Bar","Fat Gripz","Stirrup Handles","Rope Attachment","add Custom"]},{"type":"Chin-up - Wide Grip","exercise_1":["Pronated Gripr","Semi-Pronated Gripr","Neutral Gripr","Semi-Supinated Gripr","Supinated Gripr","Supinating Grip"],"exercise_2":["30u00b0  Incliner","45u00b0  Incliner","60u00b0  Incline        r","75u00b0  Incliner","Close Gripr","Medium Gripr","Wide Grip"],"implementation_options":["Barbell","Dumbbell","T-Grip Barbell","Football Bar","Thick Barbell","TRX","Kettlebell","EZ Bar","Log Bar","Low Pulley","Mid Pulley","High Pulley","Thick Dumbbell","Cambered Bar","Fat Gripz","Stirrup Handles","Rope Attachment","add Custom"]},{"type":"Chin-up - Neutral - Mid Grip","exercise_1":["Pronated Gripr","Semi-Pronated Gripr","Neutral Gripr","Semi-Supinated Gripr","Supinated Gripr","Supinating Grip"],"exercise_2":["30u00b0  Incliner","45u00b0  Incliner","60u00b0  Incline        r","75u00b0  Incliner","Close Gripr","Medium Gripr","Wide Grip"],"implementation_options":["Barbell","Dumbbell","T-Grip Barbell","Football Bar","Thick Barbell","TRX","Kettlebell","EZ Bar","Log Bar","Low Pulley","Mid Pulley","High Pulley","Thick Dumbbell","Cambered Bar","Fat Gripz","Stirrup Handles","Rope Attachment","add Custom"]},{"type":"Chin-up - Sternum - Neutral Grip","exercise_1":["Pronated Gripr","Semi-Pronated Gripr","Neutral Gripr","Semi-Supinated Gripr","Supinated Gripr","Supinating Grip"],"exercise_2":["30u00b0  Incliner","45u00b0  Incliner","60u00b0  Incline        r","75u00b0  Incliner","Close Gripr","Medium Gripr","Wide Grip"],"implementation_options":["Barbell","Dumbbell","T-Grip Barbell","Football Bar","Thick Barbell","TRX","Kettlebell","EZ Bar","Log Bar","Low Pulley","Mid Pulley","High Pulley","Thick Dumbbell","Cambered Bar","Fat Gripz","Stirrup Handles","Rope Attachment","add Custom"]},{"type":"Chin-up - Side to Side - Wide Neutral","exercise_1":["Pronated Gripr","Semi-Pronated Gripr","Neutral Gripr","Semi-Supinated Gripr","Supinated Gripr","Supinating Grip"],"exercise_2":["30u00b0  Incliner","45u00b0  Incliner","60u00b0  Incline        r","75u00b0  Incliner","Close Gripr","Medium Gripr","Wide Grip"],"implementation_options":["Barbell","Dumbbell","T-Grip Barbell","Football Bar","Thick Barbell","TRX","Kettlebell","EZ Bar","Log Bar","Low Pulley","Mid Pulley","High Pulley","Thick Dumbbell","Cambered Bar","Fat Gripz","Stirrup Handles","Rope Attachment","add Custom"]},{"type":"Front Lever","exercise_1":["Pronated Gripr","Semi-Pronated Gripr","Neutral Gripr","Semi-Supinated Gripr","Supinated Gripr","Supinating Grip"],"exercise_2":["30u00b0  Incliner","45u00b0  Incliner","60u00b0  Incline        r","75u00b0  Incliner","Close Gripr","Medium Gripr","Wide Grip"],"implementation_options":["Barbell","Dumbbell","T-Grip Barbell","Football Bar","Thick Barbell","TRX","Kettlebell","EZ Bar","Log Bar","Low Pulley","Mid Pulley","High Pulley","Thick Dumbbell","Cambered Bar","Fat Gripz","Stirrup Handles","Rope Attachment","add Custom"]},{"type":"Row - Torso Trainer","exercise_1":["Pronated Gripr","Semi-Pronated Gripr","Neutral Gripr","Semi-Supinated Gripr","Supinated Gripr","Supinating Grip"],"exercise_2":["30u00b0  Incliner","45u00b0  Incliner","60u00b0  Incline        r","75u00b0  Incliner","Close Gripr","Medium Gripr","Wide Grip"],"implementation_options":["Barbell","Dumbbell","T-Grip Barbell","Football Bar","Thick Barbell","TRX","Kettlebell","EZ Bar","Log Bar","Low Pulley","Mid Pulley","High Pulley","Thick Dumbbell","Cambered Bar","Fat Gripz","Stirrup Handles","Rope Attachment","add Custom"]},{"type":"Row - Machine","exercise_1":["Pronated Gripr","Semi-Pronated Gripr","Neutral Gripr","Semi-Supinated Gripr","Supinated Gripr","Supinating Grip"],"exercise_2":["30u00b0  Incliner","45u00b0  Incliner","60u00b0  Incline        r","75u00b0  Incliner","Close Gripr","Medium Gripr","Wide Grip"],"implementation_options":["Barbell","Dumbbell","T-Grip Barbell","Football Bar","Thick Barbell","TRX","Kettlebell","EZ Bar","Log Bar","Low Pulley","Mid Pulley","High Pulley","Thick Dumbbell","Cambered Bar","Fat Gripz","Stirrup Handles","Rope Attachment","add Custom"]},{"type":"One Arm DB Row - Split Stance","exercise_1":["Pronated Gripr","Semi-Pronated Gripr","Neutral Gripr","Semi-Supinated Gripr","Supinated Gripr","Supinating Grip"],"exercise_2":["30u00b0  Incliner","45u00b0  Incliner","60u00b0  Incline        r","75u00b0  Incliner","Close Gripr","Medium Gripr","Wide Grip"],"implementation_options":["Barbell","Dumbbell","T-Grip Barbell","Football Bar","Thick Barbell","TRX","Kettlebell","EZ Bar","Log Bar","Low Pulley","Mid Pulley","High Pulley","Thick Dumbbell","Cambered Bar","Fat Gripz","Stirrup Handles","Rope Attachment","add Custom"]},{"type":"One Arm DB Row - Feet Squared","exercise_1":["Pronated Gripr","Semi-Pronated Gripr","Neutral Gripr","Semi-Supinated Gripr","Supinated Gripr","Supinating Grip"],"exercise_2":["30u00b0  Incliner","45u00b0  Incliner","60u00b0  Incline        r","75u00b0  Incliner","Close Gripr","Medium Gripr","Wide Grip"],"implementation_options":["Barbell","Dumbbell","T-Grip Barbell","Football Bar","Thick Barbell","TRX","Kettlebell","EZ Bar","Log Bar","Low Pulley","Mid Pulley","High Pulley","Thick Dumbbell","Cambered Bar","Fat Gripz","Stirrup Handles","Rope Attachment","add Custom"]},{"type":"One Arm DB Row - Ipsilateral Split Stance","exercise_1":["Pronated Gripr","Semi-Pronated Gripr","Neutral Gripr","Semi-Supinated Gripr","Supinated Gripr","Supinating Grip"],"exercise_2":["30u00b0  Incliner","45u00b0  Incliner","60u00b0  Incline        r","75u00b0  Incliner","Close Gripr","Medium Gripr","Wide Grip"],"implementation_options":["Barbell","Dumbbell","T-Grip Barbell","Football Bar","Thick Barbell","TRX","Kettlebell","EZ Bar","Log Bar","Low Pulley","Mid Pulley","High Pulley","Thick Dumbbell","Cambered Bar","Fat Gripz","Stirrup Handles","Rope Attachment","add Custom"]},{"type":"One Arm DB Arc Row","exercise_1":["Pronated Gripr","Semi-Pronated Gripr","Neutral Gripr","Semi-Supinated Gripr","Supinated Gripr","Supinating Grip"],"exercise_2":["30u00b0  Incliner","45u00b0  Incliner","60u00b0  Incline        r","75u00b0  Incliner","Close Gripr","Medium Gripr","Wide Grip"],"implementation_options":["Barbell","Dumbbell","T-Grip Barbell","Football Bar","Thick Barbell","TRX","Kettlebell","EZ Bar","Log Bar","Low Pulley","Mid Pulley","High Pulley","Thick Dumbbell","Cambered Bar","Fat Gripz","Stirrup Handles","Rope Attachment","add Custom"]},{"type":"Row - Prone","exercise_1":["Pronated Gripr","Semi-Pronated Gripr","Neutral Gripr","Semi-Supinated Gripr","Supinated Gripr","Supinating Grip"],"exercise_2":["30u00b0  Incliner","45u00b0  Incliner","60u00b0  Incline        r","75u00b0  Incliner","Close Gripr","Medium Gripr","Wide Grip"],"implementation_options":["Barbell","Dumbbell","T-Grip Barbell","Football Bar","Thick Barbell","TRX","Kettlebell","EZ Bar","Log Bar","Low Pulley","Mid Pulley","High Pulley","Thick Dumbbell","Cambered Bar","Fat Gripz","Stirrup Handles","Rope Attachment","add Custom"]},{"type":"Pull-up -  mid Grip","exercise_1":["Pronated Gripr","Semi-Pronated Gripr","Neutral Gripr","Semi-Supinated Gripr","Supinated Gripr","Supinating Grip"],"exercise_2":["30u00b0  Incliner","45u00b0  Incliner","60u00b0  Incline        r","75u00b0  Incliner","Close Gripr","Medium Gripr","Wide Grip"],"implementation_options":["Barbell","Dumbbell","T-Grip Barbell","Football Bar","Thick Barbell","TRX","Kettlebell","EZ Bar","Log Bar","Low Pulley","Mid Pulley","High Pulley","Thick Dumbbell","Cambered Bar","Fat Gripz","Stirrup Handles","Rope Attachment","add Custom"]},{"type":"Pull-up - close grip","exercise_1":["Pronated Gripr","Semi-Pronated Gripr","Neutral Gripr","Semi-Supinated Gripr","Supinated Gripr","Supinating Grip"],"exercise_2":["30u00b0  Incliner","45u00b0  Incliner","60u00b0  Incline        r","75u00b0  Incliner","Close Gripr","Medium Gripr","Wide Grip"],"implementation_options":["Barbell","Dumbbell","T-Grip Barbell","Football Bar","Thick Barbell","TRX","Kettlebell","EZ Bar","Log Bar","Low Pulley","Mid Pulley","High Pulley","Thick Dumbbell","Cambered Bar","Fat Gripz","Stirrup Handles","Rope Attachment","add Custom"]},{"type":"Pull-up - Wide Grip","exercise_1":["Pronated Gripr","Semi-Pronated Gripr","Neutral Gripr","Semi-Supinated Gripr","Supinated Gripr","Supinating Grip"],"exercise_2":["30u00b0  Incliner","45u00b0  Incliner","60u00b0  Incline        r","75u00b0  Incliner","Close Gripr","Medium Gripr","Wide Grip"],"implementation_options":["Barbell","Dumbbell","T-Grip Barbell","Football Bar","Thick Barbell","TRX","Kettlebell","EZ Bar","Log Bar","Low Pulley","Mid Pulley","High Pulley","Thick Dumbbell","Cambered Bar","Fat Gripz","Stirrup Handles","Rope Attachment","add Custom"]},{"type":"Pull-up - Behind the Neck","exercise_1":["Pronated Gripr","Semi-Pronated Gripr","Neutral Gripr","Semi-Supinated Gripr","Supinated Gripr","Supinating Grip"],"exercise_2":["30u00b0  Incliner","45u00b0  Incliner","60u00b0  Incline        r","75u00b0  Incliner","Close Gripr","Medium Gripr","Wide Grip"],"implementation_options":["Barbell","Dumbbell","T-Grip Barbell","Football Bar","Thick Barbell","TRX","Kettlebell","EZ Bar","Log Bar","Low Pulley","Mid Pulley","High Pulley","Thick Dumbbell","Cambered Bar","Fat Gripz","Stirrup Handles","Rope Attachment","add Custom"]},{"type":"Pull-up - Subcapularis","exercise_1":["Pronated Gripr","Semi-Pronated Gripr","Neutral Gripr","Semi-Supinated Gripr","Supinated Gripr","Supinating Grip"],"exercise_2":["30u00b0  Incliner","45u00b0  Incliner","60u00b0  Incline        r","75u00b0  Incliner","Close Gripr","Medium Gripr","Wide Grip"],"implementation_options":["Barbell","Dumbbell","T-Grip Barbell","Football Bar","Thick Barbell","TRX","Kettlebell","EZ Bar","Log Bar","Low Pulley","Mid Pulley","High Pulley","Thick Dumbbell","Cambered Bar","Fat Gripz","Stirrup Handles","Rope Attachment","add Custom"]},{"type":"Lat Pulldown - to Chest","exercise_1":["Pronated Gripr","Semi-Pronated Gripr","Neutral Gripr","Semi-Supinated Gripr","Supinated Gripr","Supinating Grip"],"exercise_2":["30u00b0  Incliner","45u00b0  Incliner","60u00b0  Incline        r","75u00b0  Incliner","Close Gripr","Medium Gripr","Wide Grip"],"implementation_options":["Barbell","Dumbbell","T-Grip Barbell","Football Bar","Thick Barbell","TRX","Kettlebell","EZ Bar","Log Bar","Low Pulley","Mid Pulley","High Pulley","Thick Dumbbell","Cambered Bar","Fat Gripz","Stirrup Handles","Rope Attachment","add Custom"]},{"type":"Lat Pulldown - to Sternum","exercise_1":["Pronated Gripr","Semi-Pronated Gripr","Neutral Gripr","Semi-Supinated Gripr","Supinated Gripr","Supinating Grip"],"exercise_2":["30u00b0  Incliner","45u00b0  Incliner","60u00b0  Incline        r","75u00b0  Incliner","Close Gripr","Medium Gripr","Wide Grip"],"implementation_options":["Barbell","Dumbbell","T-Grip Barbell","Football Bar","Thick Barbell","TRX","Kettlebell","EZ Bar","Log Bar","Low Pulley","Mid Pulley","High Pulley","Thick Dumbbell","Cambered Bar","Fat Gripz","Stirrup Handles","Rope Attachment","add Custom"]},{"type":"Lat Pulldown - close-grip - to Chest","exercise_1":["Pronated Gripr","Semi-Pronated Gripr","Neutral Gripr","Semi-Supinated Gripr","Supinated Gripr","Supinating Grip"],"exercise_2":["30u00b0  Incliner","45u00b0  Incliner","60u00b0  Incline        r","75u00b0  Incliner","Close Gripr","Medium Gripr","Wide Grip"],"implementation_options":["Barbell","Dumbbell","T-Grip Barbell","Football Bar","Thick Barbell","TRX","Kettlebell","EZ Bar","Log Bar","Low Pulley","Mid Pulley","High Pulley","Thick Dumbbell","Cambered Bar","Fat Gripz","Stirrup Handles","Rope Attachment","add Custom"]},{"type":"Lat Pulldown - Behind the Neck","exercise_1":["Pronated Gripr","Semi-Pronated Gripr","Neutral Gripr","Semi-Supinated Gripr","Supinated Gripr","Supinating Grip"],"exercise_2":["30u00b0  Incliner","45u00b0  Incliner","60u00b0  Incline        r","75u00b0  Incliner","Close Gripr","Medium Gripr","Wide Grip"],"implementation_options":["Barbell","Dumbbell","T-Grip Barbell","Football Bar","Thick Barbell","TRX","Kettlebell","EZ Bar","Log Bar","Low Pulley","Mid Pulley","High Pulley","Thick Dumbbell","Cambered Bar","Fat Gripz","Stirrup Handles","Rope Attachment","add Custom"]},{"type":"Lat Pulldown - Uni-Lateral - wide grip","exercise_1":["Pronated Gripr","Semi-Pronated Gripr","Neutral Gripr","Semi-Supinated Gripr","Supinated Gripr","Supinating Grip"],"exercise_2":["30u00b0  Incliner","45u00b0  Incliner","60u00b0  Incline        r","75u00b0  Incliner","Close Gripr","Medium Gripr","Wide Grip"],"implementation_options":["Barbell","Dumbbell","T-Grip Barbell","Football Bar","Thick Barbell","TRX","Kettlebell","EZ Bar","Log Bar","Low Pulley","Mid Pulley","High Pulley","Thick Dumbbell","Cambered Bar","Fat Gripz","Stirrup Handles","Rope Attachment","add Custom"]},{"type":"Lat Pulldown - One-Arm","exercise_1":["Pronated Gripr","Semi-Pronated Gripr","Neutral Gripr","Semi-Supinated Gripr","Supinated Gripr","Supinating Grip"],"exercise_2":["30u00b0  Incliner","45u00b0  Incliner","60u00b0  Incline        r","75u00b0  Incliner","Close Gripr","Medium Gripr","Wide Grip"],"implementation_options":["Barbell","Dumbbell","T-Grip Barbell","Football Bar","Thick Barbell","TRX","Kettlebell","EZ Bar","Log Bar","Low Pulley","Mid Pulley","High Pulley","Thick Dumbbell","Cambered Bar","Fat Gripz","Stirrup Handles","Rope Attachment","add Custom"]},{"type":"Lat Pulldown - Machine","exercise_1":["Pronated Gripr","Semi-Pronated Gripr","Neutral Gripr","Semi-Supinated Gripr","Supinated Gripr","Supinating Grip"],"exercise_2":["30u00b0  Incliner","45u00b0  Incliner","60u00b0  Incline        r","75u00b0  Incliner","Close Gripr","Medium Gripr","Wide Grip"],"implementation_options":["Barbell","Dumbbell","T-Grip Barbell","Football Bar","Thick Barbell","TRX","Kettlebell","EZ Bar","Log Bar","Low Pulley","Mid Pulley","High Pulley","Thick Dumbbell","Cambered Bar","Fat Gripz","Stirrup Handles","Rope Attachment","add Custom"]},{"type":"Lat Pulldown - Straight Arm","exercise_1":["Pronated Gripr","Semi-Pronated Gripr","Neutral Gripr","Semi-Supinated Gripr","Supinated Gripr","Supinating Grip"],"exercise_2":["30u00b0  Incliner","45u00b0  Incliner","60u00b0  Incline        r","75u00b0  Incliner","Close Gripr","Medium Gripr","Wide Grip"],"implementation_options":["Barbell","Dumbbell","T-Grip Barbell","Football Bar","Thick Barbell","TRX","Kettlebell","EZ Bar","Log Bar","Low Pulley","Mid Pulley","High Pulley","Thick Dumbbell","Cambered Bar","Fat Gripz","Stirrup Handles","Rope Attachment","add Custom"]},{"type":"Pullover - Side Lying","exercise_1":["Pronated Gripr","Semi-Pronated Gripr","Neutral Gripr","Semi-Supinated Gripr","Supinated Gripr","Supinating Grip"],"exercise_2":["30u00b0  Incliner","45u00b0  Incliner","60u00b0  Incline        r","75u00b0  Incliner","Close Gripr","Medium Gripr","Wide Grip"],"implementation_options":["Barbell","Dumbbell","T-Grip Barbell","Football Bar","Thick Barbell","TRX","Kettlebell","EZ Bar","Log Bar","Low Pulley","Mid Pulley","High Pulley","Thick Dumbbell","Cambered Bar","Fat Gripz","Stirrup Handles","Rope Attachment","add Custom"]},{"type":"Pullovers - Supine","exercise_1":["Pronated Gripr","Semi-Pronated Gripr","Neutral Gripr","Semi-Supinated Gripr","Supinated Gripr","Supinating Grip"],"exercise_2":["30u00b0  Incliner","45u00b0  Incliner","60u00b0  Incline        r","75u00b0  Incliner","Close Gripr","Medium Gripr","Wide Grip"],"implementation_options":["Barbell","Dumbbell","T-Grip Barbell","Football Bar","Thick Barbell","TRX","Kettlebell","EZ Bar","Log Bar","Low Pulley","Mid Pulley","High Pulley","Thick Dumbbell","Cambered Bar","Fat Gripz","Stirrup Handles","Rope Attachment","add Custom"]},{"type":"Pullovers - Machine","exercise_1":["Pronated Gripr","Semi-Pronated Gripr","Neutral Gripr","Semi-Supinated Gripr","Supinated Gripr","Supinating Grip"],"exercise_2":["30u00b0  Incliner","45u00b0  Incliner","60u00b0  Incline        r","75u00b0  Incliner","Close Gripr","Medium Gripr","Wide Grip"],"implementation_options":["Barbell","Dumbbell","T-Grip Barbell","Football Bar","Thick Barbell","TRX","Kettlebell","EZ Bar","Log Bar","Low Pulley","Mid Pulley","High Pulley","Thick Dumbbell","Cambered Bar","Fat Gripz","Stirrup Handles","Rope Attachment","add Custom"]},{"type":"Seated Scapulae Retraction","exercise_1":["Pronated Gripr","Semi-Pronated Gripr","Neutral Gripr","Semi-Supinated Gripr","Supinated Gripr","Supinating Grip"],"exercise_2":["30u00b0  Incliner","45u00b0  Incliner","60u00b0  Incline        r","75u00b0  Incliner","Close Gripr","Medium Gripr","Wide Grip"],"implementation_options":["Barbell","Dumbbell","T-Grip Barbell","Football Bar","Thick Barbell","TRX","Kettlebell","EZ Bar","Log Bar","Low Pulley","Mid Pulley","High Pulley","Thick Dumbbell","Cambered Bar","Fat Gripz","Stirrup Handles","Rope Attachment","add Custom"]},{"type":"Seated Scapulae Retraction - One-Arm","exercise_1":["Pronated Gripr","Semi-Pronated Gripr","Neutral Gripr","Semi-Supinated Gripr","Supinated Gripr","Supinating Grip"],"exercise_2":["30u00b0  Incliner","45u00b0  Incliner","60u00b0  Incline        r","75u00b0  Incliner","Close Gripr","Medium Gripr","Wide Grip"],"implementation_options":["Barbell","Dumbbell","T-Grip Barbell","Football Bar","Thick Barbell","TRX","Kettlebell","EZ Bar","Log Bar","Low Pulley","Mid Pulley","High Pulley","Thick Dumbbell","Cambered Bar","Fat Gripz","Stirrup Handles","Rope Attachment","add Custom"]},{"type":"Seated Cable Row","exercise_1":["Pronated Gripr","Semi-Pronated Gripr","Neutral Gripr","Semi-Supinated Gripr","Supinated Gripr","Supinating Grip"],"exercise_2":["30u00b0  Incliner","45u00b0  Incliner","60u00b0  Incline        r","75u00b0  Incliner","Close Gripr","Medium Gripr","Wide Grip"],"implementation_options":["Barbell","Dumbbell","T-Grip Barbell","Football Bar","Thick Barbell","TRX","Kettlebell","EZ Bar","Log Bar","Low Pulley","Mid Pulley","High Pulley","Thick Dumbbell","Cambered Bar","Fat Gripz","Stirrup Handles","Rope Attachment","add Custom"]},{"type":"Seated Cable Row - One-Arm","exercise_1":["Pronated Gripr","Semi-Pronated Gripr","Neutral Gripr","Semi-Supinated Gripr","Supinated Gripr","Supinating Grip"],"exercise_2":["30u00b0  Incliner","45u00b0  Incliner","60u00b0  Incline        r","75u00b0  Incliner","Close Gripr","Medium Gripr","Wide Grip"],"implementation_options":["Barbell","Dumbbell","T-Grip Barbell","Football Bar","Thick Barbell","TRX","Kettlebell","EZ Bar","Log Bar","Low Pulley","Mid Pulley","High Pulley","Thick Dumbbell","Cambered Bar","Fat Gripz","Stirrup Handles","Rope Attachment","add Custom"]},{"type":"Seated Cable Row - Face Pull","exercise_1":["Pronated Gripr","Semi-Pronated Gripr","Neutral Gripr","Semi-Supinated Gripr","Supinated Gripr","Supinating Grip"],"exercise_2":["30u00b0  Incliner","45u00b0  Incliner","60u00b0  Incline        r","75u00b0  Incliner","Close Gripr","Medium Gripr","Wide Grip"],"implementation_options":["Barbell","Dumbbell","T-Grip Barbell","Football Bar","Thick Barbell","TRX","Kettlebell","EZ Bar","Log Bar","Low Pulley","Mid Pulley","High Pulley","Thick Dumbbell","Cambered Bar","Fat Gripz","Stirrup Handles","Rope Attachment","add Custom"]},{"type":"Seated Cable Row - Telle","exercise_1":["Pronated Gripr","Semi-Pronated Gripr","Neutral Gripr","Semi-Supinated Gripr","Supinated Gripr","Supinating Grip"],"exercise_2":["30u00b0  Incliner","45u00b0  Incliner","60u00b0  Incline        r","75u00b0  Incliner","Close Gripr","Medium Gripr","Wide Grip"],"implementation_options":["Barbell","Dumbbell","T-Grip Barbell","Football Bar","Thick Barbell","TRX","Kettlebell","EZ Bar","Log Bar","Low Pulley","Mid Pulley","High Pulley","Thick Dumbbell","Cambered Bar","Fat Gripz","Stirrup Handles","Rope Attachment","add Custom"]},{"type":"T-Bar Row","exercise_1":["Pronated Gripr","Semi-Pronated Gripr","Neutral Gripr","Semi-Supinated Gripr","Supinated Gripr","Supinating Grip"],"exercise_2":["30u00b0  Incliner","45u00b0  Incliner","60u00b0  Incline        r","75u00b0  Incliner","Close Gripr","Medium Gripr","Wide Grip"],"implementation_options":["Barbell","Dumbbell","T-Grip Barbell","Football Bar","Thick Barbell","TRX","Kettlebell","EZ Bar","Log Bar","Low Pulley","Mid Pulley","High Pulley","Thick Dumbbell","Cambered Bar","Fat Gripz","Stirrup Handles","Rope Attachment","add Custom"]},{"type":"Trap 3 Raise - Standing","exercise_1":["Pronated Gripr","Semi-Pronated Gripr","Neutral Gripr","Semi-Supinated Gripr","Supinated Gripr","Supinating Grip"],"exercise_2":["30u00b0  Incliner","45u00b0  Incliner","60u00b0  Incline        r","75u00b0  Incliner","Close Gripr","Medium Gripr","Wide Grip"],"implementation_options":["Barbell","Dumbbell","T-Grip Barbell","Football Bar","Thick Barbell","TRX","Kettlebell","EZ Bar","Log Bar","Low Pulley","Mid Pulley","High Pulley","Thick Dumbbell","Cambered Bar","Fat Gripz","Stirrup Handles","Rope Attachment","add Custom"]},{"type":"Trap 3 Raise - Incline - Supported","exercise_1":["Pronated Gripr","Semi-Pronated Gripr","Neutral Gripr","Semi-Supinated Gripr","Supinated Gripr","Supinating Grip"],"exercise_2":["30u00b0  Incliner","45u00b0  Incliner","60u00b0  Incline        r","75u00b0  Incliner","Close Gripr","Medium Gripr","Wide Grip"],"implementation_options":["Barbell","Dumbbell","T-Grip Barbell","Football Bar","Thick Barbell","TRX","Kettlebell","EZ Bar","Log Bar","Low Pulley","Mid Pulley","High Pulley","Thick Dumbbell","Cambered Bar","Fat Gripz","Stirrup Handles","Rope Attachment","add Custom"]}]'),
(3, 'Biceps', '[{"type":"Incline DB Curl","exercise_1":["30u00b0  Incliner","45u00b0  Incliner","60u00b0  Incline        r","75u00b0  Incliner","Flat"],"exercise_2":["Offset Gripr","1.25 repsr","Close Gripr","Medium Gripr","Wide Gripr","One-Armr","Pronated Grip"],"implementation_options":["EZ Bar","High Pulley","Mid Pulley","Barbell","Dumbbell","Thick Barbell","Thick Dumbbell","Triceps Bar","T-Grip Barbell","Rope"]},{"type":"Incline DB Hammer Curl","exercise_1":["30u00b0  Incliner","45u00b0  Incliner","60u00b0  Incline        r","75u00b0  Incliner","Flat"],"exercise_2":["Offset Gripr","1.25 repsr","Close Gripr","Medium Gripr","Wide Gripr","One-Armr","Pronated Grip"],"implementation_options":["EZ Bar","High Pulley","Mid Pulley","Barbell","Dumbbell","Thick Barbell","Thick Dumbbell","Triceps Bar","T-Grip Barbell","Rope"]},{"type":"Incline DB Supinating Curl","exercise_1":["30u00b0  Incliner","45u00b0  Incliner","60u00b0  Incline        r","75u00b0  Incliner","Flat"],"exercise_2":["Offset Gripr","1.25 repsr","Close Gripr","Medium Gripr","Wide Gripr","One-Armr","Pronated Grip"],"implementation_options":["EZ Bar","High Pulley","Mid Pulley","Barbell","Dumbbell","Thick Barbell","Thick Dumbbell","Triceps Bar","T-Grip Barbell","Rope"]},{"type":"Incline DB Zottman Curl","exercise_1":["30u00b0  Incliner","45u00b0  Incliner","60u00b0  Incline        r","75u00b0  Incliner","Flat"],"exercise_2":["Offset Gripr","1.25 repsr","Close Gripr","Medium Gripr","Wide Gripr","One-Armr","Pronated Grip"],"implementation_options":["EZ Bar","High Pulley","Mid Pulley","Barbell","Dumbbell","Thick Barbell","Thick Dumbbell","Triceps Bar","T-Grip Barbell","Rope"]},{"type":"Machine Biceps Curl","exercise_1":["30u00b0  Incliner","45u00b0  Incliner","60u00b0  Incline        r","75u00b0  Incliner","Flat"],"exercise_2":["Offset Gripr","1.25 repsr","Close Gripr","Medium Gripr","Wide Gripr","One-Armr","Pronated Grip"],"implementation_options":["EZ Bar","High Pulley","Mid Pulley","Barbell","Dumbbell","Thick Barbell","Thick Dumbbell","Triceps Bar","T-Grip Barbell","Rope"]},{"type":"Prone Barbell Curl ","exercise_1":["30u00b0  Incliner","45u00b0  Incliner","60u00b0  Incline        r","75u00b0  Incliner","Flat"],"exercise_2":["Offset Gripr","1.25 repsr","Close Gripr","Medium Gripr","Wide Gripr","One-Armr","Pronated Grip"],"implementation_options":["EZ Bar","High Pulley","Mid Pulley","Barbell","Dumbbell","Thick Barbell","Thick Dumbbell","Triceps Bar","T-Grip Barbell","Rope"]},{"type":"Prone DB Hammer Curl","exercise_1":["30u00b0  Incliner","45u00b0  Incliner","60u00b0  Incline        r","75u00b0  Incliner","Flat"],"exercise_2":["Offset Gripr","1.25 repsr","Close Gripr","Medium Gripr","Wide Gripr","One-Armr","Pronated Grip"],"implementation_options":["EZ Bar","High Pulley","Mid Pulley","Barbell","Dumbbell","Thick Barbell","Thick Dumbbell","Triceps Bar","T-Grip Barbell","Rope"]},{"type":"Prone DB Supinating Curl","exercise_1":["30u00b0  Incliner","45u00b0  Incliner","60u00b0  Incline        r","75u00b0  Incliner","Flat"],"exercise_2":["Offset Gripr","1.25 repsr","Close Gripr","Medium Gripr","Wide Gripr","One-Armr","Pronated Grip"],"implementation_options":["EZ Bar","High Pulley","Mid Pulley","Barbell","Dumbbell","Thick Barbell","Thick Dumbbell","Triceps Bar","T-Grip Barbell","Rope"]},{"type":"Prone DB Zottman Curl","exercise_1":["30u00b0  Incliner","45u00b0  Incliner","60u00b0  Incline        r","75u00b0  Incliner","Flat"],"exercise_2":["Offset Gripr","1.25 repsr","Close Gripr","Medium Gripr","Wide Gripr","One-Armr","Pronated Grip"],"implementation_options":["EZ Bar","High Pulley","Mid Pulley","Barbell","Dumbbell","Thick Barbell","Thick Dumbbell","Triceps Bar","T-Grip Barbell","Rope"]},{"type":"Prone EZ Bar Curl","exercise_1":["30u00b0  Incliner","45u00b0  Incliner","60u00b0  Incline        r","75u00b0  Incliner","Flat"],"exercise_2":["Offset Gripr","1.25 repsr","Close Gripr","Medium Gripr","Wide Gripr","One-Armr","Pronated Grip"],"implementation_options":["EZ Bar","High Pulley","Mid Pulley","Barbell","Dumbbell","Thick Barbell","Thick Dumbbell","Triceps Bar","T-Grip Barbell","Rope"]},{"type":"Prone EZ Bar Reverse Curl","exercise_1":["30u00b0  Incliner","45u00b0  Incliner","60u00b0  Incline        r","75u00b0  Incliner","Flat"],"exercise_2":["Offset Gripr","1.25 repsr","Close Gripr","Medium Gripr","Wide Gripr","One-Armr","Pronated Grip"],"implementation_options":["EZ Bar","High Pulley","Mid Pulley","Barbell","Dumbbell","Thick Barbell","Thick Dumbbell","Triceps Bar","T-Grip Barbell","Rope"]},{"type":"Scott Bench Barbell Curl","exercise_1":["30u00b0  Incliner","45u00b0  Incliner","60u00b0  Incline        r","75u00b0  Incliner","Flat"],"exercise_2":["Offset Gripr","1.25 repsr","Close Gripr","Medium Gripr","Wide Gripr","One-Armr","Pronated Grip"],"implementation_options":["EZ Bar","High Pulley","Mid Pulley","Barbell","Dumbbell","Thick Barbell","Thick Dumbbell","Triceps Bar","T-Grip Barbell","Rope"]},{"type":"Scott Bench EZ Bar Curl","exercise_1":["30u00b0  Incliner","45u00b0  Incliner","60u00b0  Incline        r","75u00b0  Incliner","Flat"],"exercise_2":["Offset Gripr","1.25 repsr","Close Gripr","Medium Gripr","Wide Gripr","One-Armr","Pronated Grip"],"implementation_options":["EZ Bar","High Pulley","Mid Pulley","Barbell","Dumbbell","Thick Barbell","Thick Dumbbell","Triceps Bar","T-Grip Barbell","Rope"]},{"type":"Scott EZ Bar Reverse-Grip Curl","exercise_1":["30u00b0  Incliner","45u00b0  Incliner","60u00b0  Incline        r","75u00b0  Incliner","Flat"],"exercise_2":["Offset Gripr","1.25 repsr","Close Gripr","Medium Gripr","Wide Gripr","One-Armr","Pronated Grip"],"implementation_options":["EZ Bar","High Pulley","Mid Pulley","Barbell","Dumbbell","Thick Barbell","Thick Dumbbell","Triceps Bar","T-Grip Barbell","Rope"]},{"type":"Scott DB Curl","exercise_1":["30u00b0  Incliner","45u00b0  Incliner","60u00b0  Incline        r","75u00b0  Incliner","Flat"],"exercise_2":["Offset Gripr","1.25 repsr","Close Gripr","Medium Gripr","Wide Gripr","One-Armr","Pronated Grip"],"implementation_options":["EZ Bar","High Pulley","Mid Pulley","Barbell","Dumbbell","Thick Barbell","Thick Dumbbell","Triceps Bar","T-Grip Barbell","Rope"]},{"type":"Scott 1-Arm DB Zottman Curl","exercise_1":["30u00b0  Incliner","45u00b0  Incliner","60u00b0  Incline        r","75u00b0  Incliner","Flat"],"exercise_2":["Offset Gripr","1.25 repsr","Close Gripr","Medium Gripr","Wide Gripr","One-Armr","Pronated Grip"],"implementation_options":["EZ Bar","High Pulley","Mid Pulley","Barbell","Dumbbell","Thick Barbell","Thick Dumbbell","Triceps Bar","T-Grip Barbell","Rope"]},{"type":"Seated Machine Curl","exercise_1":["30u00b0  Incliner","45u00b0  Incliner","60u00b0  Incline        r","75u00b0  Incliner","Flat"],"exercise_2":["Offset Gripr","1.25 repsr","Close Gripr","Medium Gripr","Wide Gripr","One-Armr","Pronated Grip"],"implementation_options":["EZ Bar","High Pulley","Mid Pulley","Barbell","Dumbbell","Thick Barbell","Thick Dumbbell","Triceps Bar","T-Grip Barbell","Rope"]},{"type":"Seated DB Biceps Curl","exercise_1":["30u00b0  Incliner","45u00b0  Incliner","60u00b0  Incline        r","75u00b0  Incliner","Flat"],"exercise_2":["Offset Gripr","1.25 repsr","Close Gripr","Medium Gripr","Wide Gripr","One-Armr","Pronated Grip"],"implementation_options":["EZ Bar","High Pulley","Mid Pulley","Barbell","Dumbbell","Thick Barbell","Thick Dumbbell","Triceps Bar","T-Grip Barbell","Rope"]},{"type":"Seated Offset-Grip DB Curl","exercise_1":["30u00b0  Incliner","45u00b0  Incliner","60u00b0  Incline        r","75u00b0  Incliner","Flat"],"exercise_2":["Offset Gripr","1.25 repsr","Close Gripr","Medium Gripr","Wide Gripr","One-Armr","Pronated Grip"],"implementation_options":["EZ Bar","High Pulley","Mid Pulley","Barbell","Dumbbell","Thick Barbell","Thick Dumbbell","Triceps Bar","T-Grip Barbell","Rope"]},{"type":"Seated DB Zottman Curls","exercise_1":["30u00b0  Incliner","45u00b0  Incliner","60u00b0  Incline        r","75u00b0  Incliner","Flat"],"exercise_2":["Offset Gripr","1.25 repsr","Close Gripr","Medium Gripr","Wide Gripr","One-Armr","Pronated Grip"],"implementation_options":["EZ Bar","High Pulley","Mid Pulley","Barbell","Dumbbell","Thick Barbell","Thick Dumbbell","Triceps Bar","T-Grip Barbell","Rope"]},{"type":"Seated DB Hammer Curl","exercise_1":["30u00b0  Incliner","45u00b0  Incliner","60u00b0  Incline        r","75u00b0  Incliner","Flat"],"exercise_2":["Offset Gripr","1.25 repsr","Close Gripr","Medium Gripr","Wide Gripr","One-Armr","Pronated Grip"],"implementation_options":["EZ Bar","High Pulley","Mid Pulley","Barbell","Dumbbell","Thick Barbell","Thick Dumbbell","Triceps Bar","T-Grip Barbell","Rope"]},{"type":"Seated DB Concentration Curl","exercise_1":["30u00b0  Incliner","45u00b0  Incliner","60u00b0  Incline        r","75u00b0  Incliner","Flat"],"exercise_2":["Offset Gripr","1.25 repsr","Close Gripr","Medium Gripr","Wide Gripr","One-Armr","Pronated Grip"],"implementation_options":["EZ Bar","High Pulley","Mid Pulley","Barbell","Dumbbell","Thick Barbell","Thick Dumbbell","Triceps Bar","T-Grip Barbell","Rope"]},{"type":"Standing Barbell Curl","exercise_1":["30u00b0  Incliner","45u00b0  Incliner","60u00b0  Incline        r","75u00b0  Incliner","Flat"],"exercise_2":["Offset Gripr","1.25 repsr","Close Gripr","Medium Gripr","Wide Gripr","One-Armr","Pronated Grip"],"implementation_options":["EZ Bar","High Pulley","Mid Pulley","Barbell","Dumbbell","Thick Barbell","Thick Dumbbell","Triceps Bar","T-Grip Barbell","Rope"]},{"type":"Standing Barbell Spider Curl","exercise_1":["30u00b0  Incliner","45u00b0  Incliner","60u00b0  Incline        r","75u00b0  Incliner","Flat"],"exercise_2":["Offset Gripr","1.25 repsr","Close Gripr","Medium Gripr","Wide Gripr","One-Armr","Pronated Grip"],"implementation_options":["EZ Bar","High Pulley","Mid Pulley","Barbell","Dumbbell","Thick Barbell","Thick Dumbbell","Triceps Bar","T-Grip Barbell","Rope"]},{"type":"Standing DB Curl","exercise_1":["30u00b0  Incliner","45u00b0  Incliner","60u00b0  Incline        r","75u00b0  Incliner","Flat"],"exercise_2":["Offset Gripr","1.25 repsr","Close Gripr","Medium Gripr","Wide Gripr","One-Armr","Pronated Grip"],"implementation_options":["EZ Bar","High Pulley","Mid Pulley","Barbell","Dumbbell","Thick Barbell","Thick Dumbbell","Triceps Bar","T-Grip Barbell","Rope"]},{"type":"Standing Offset-Grip DB Curl","exercise_1":["30u00b0  Incliner","45u00b0  Incliner","60u00b0  Incline        r","75u00b0  Incliner","Flat"],"exercise_2":["Offset Gripr","1.25 repsr","Close Gripr","Medium Gripr","Wide Gripr","One-Armr","Pronated Grip"],"implementation_options":["EZ Bar","High Pulley","Mid Pulley","Barbell","Dumbbell","Thick Barbell","Thick Dumbbell","Triceps Bar","T-Grip Barbell","Rope"]},{"type":"Standing DB Zottman Curl","exercise_1":["30u00b0  Incliner","45u00b0  Incliner","60u00b0  Incline        r","75u00b0  Incliner","Flat"],"exercise_2":["Offset Gripr","1.25 repsr","Close Gripr","Medium Gripr","Wide Gripr","One-Armr","Pronated Grip"],"implementation_options":["EZ Bar","High Pulley","Mid Pulley","Barbell","Dumbbell","Thick Barbell","Thick Dumbbell","Triceps Bar","T-Grip Barbell","Rope"]},{"type":"Standing DB Midline Hammer Curl","exercise_1":["30u00b0  Incliner","45u00b0  Incliner","60u00b0  Incline        r","75u00b0  Incliner","Flat"],"exercise_2":["Offset Gripr","1.25 repsr","Close Gripr","Medium Gripr","Wide Gripr","One-Armr","Pronated Grip"],"implementation_options":["EZ Bar","High Pulley","Mid Pulley","Barbell","Dumbbell","Thick Barbell","Thick Dumbbell","Triceps Bar","T-Grip Barbell","Rope"]},{"type":"Standing EZ Bar Curl","exercise_1":["30u00b0  Incliner","45u00b0  Incliner","60u00b0  Incline        r","75u00b0  Incliner","Flat"],"exercise_2":["Offset Gripr","1.25 repsr","Close Gripr","Medium Gripr","Wide Gripr","One-Armr","Pronated Grip"],"implementation_options":["EZ Bar","High Pulley","Mid Pulley","Barbell","Dumbbell","Thick Barbell","Thick Dumbbell","Triceps Bar","T-Grip Barbell","Rope"]},{"type":"Standing EZ Bar Reverse-Grip Curl","exercise_1":["30u00b0  Incliner","45u00b0  Incliner","60u00b0  Incline        r","75u00b0  Incliner","Flat"],"exercise_2":["Offset Gripr","1.25 repsr","Close Gripr","Medium Gripr","Wide Gripr","One-Armr","Pronated Grip"],"implementation_options":["EZ Bar","High Pulley","Mid Pulley","Barbell","Dumbbell","Thick Barbell","Thick Dumbbell","Triceps Bar","T-Grip Barbell","Rope"]},{"type":"Standing Cable Curl","exercise_1":["30u00b0  Incliner","45u00b0  Incliner","60u00b0  Incline        r","75u00b0  Incliner","Flat"],"exercise_2":["Offset Gripr","1.25 repsr","Close Gripr","Medium Gripr","Wide Gripr","One-Armr","Pronated Grip"],"implementation_options":["EZ Bar","High Pulley","Mid Pulley","Barbell","Dumbbell","Thick Barbell","Thick Dumbbell","Triceps Bar","T-Grip Barbell","Rope"]},{"type":"Standing Cable EZ Bar Curl","exercise_1":["30u00b0  Incliner","45u00b0  Incliner","60u00b0  Incline        r","75u00b0  Incliner","Flat"],"exercise_2":["Offset Gripr","1.25 repsr","Close Gripr","Medium Gripr","Wide Gripr","One-Armr","Pronated Grip"],"implementation_options":["EZ Bar","High Pulley","Mid Pulley","Barbell","Dumbbell","Thick Barbell","Thick Dumbbell","Triceps Bar","T-Grip Barbell","Rope"]},{"type":"Standing Cable EZ Bar Reverse-Grip Curl","exercise_1":["30u00b0  Incliner","45u00b0  Incliner","60u00b0  Incline        r","75u00b0  Incliner","Flat"],"exercise_2":["Offset Gripr","1.25 repsr","Close Gripr","Medium Gripr","Wide Gripr","One-Armr","Pronated Grip"],"implementation_options":["EZ Bar","High Pulley","Mid Pulley","Barbell","Dumbbell","Thick Barbell","Thick Dumbbell","Triceps Bar","T-Grip Barbell","Rope"]},{"type":"Supine Cable Curl","exercise_1":["30u00b0  Incliner","45u00b0  Incliner","60u00b0  Incline        r","75u00b0  Incliner","Flat"],"exercise_2":["Offset Gripr","1.25 repsr","Close Gripr","Medium Gripr","Wide Gripr","One-Armr","Pronated Grip"],"implementation_options":["EZ Bar","High Pulley","Mid Pulley","Barbell","Dumbbell","Thick Barbell","Thick Dumbbell","Triceps Bar","T-Grip Barbell","Rope"]},{"type":"Supine EZ Bar Reverse-Grip  Cable Curl","exercise_1":["30u00b0  Incliner","45u00b0  Incliner","60u00b0  Incline        r","75u00b0  Incliner","Flat"],"exercise_2":["Offset Gripr","1.25 repsr","Close Gripr","Medium Gripr","Wide Gripr","One-Armr","Pronated Grip"],"implementation_options":["EZ Bar","High Pulley","Mid Pulley","Barbell","Dumbbell","Thick Barbell","Thick Dumbbell","Triceps Bar","T-Grip Barbell","Rope"]}]');
INSERT INTO `workout_exercise_options_tbl` (`id`, `part`, `options`) VALUES
(4, 'Calves', '[{"type":"Tibialis Anterior Flexion - Standing","exercise_1":["Uni-Lateralr","Narrow Stancer","Hip Width Stancer","Wide Stance"],"exercise_2":[],"implementation_options":["Dumbbell","Kettlebell","Sandbag","Barbell","Safety Bar","Band","Low Pulley","Mid Pulley","High Pulley","Chains","Weighted Vest"]},{"type":"Tibialis Anterior Flexion - Standing - Machine","exercise_1":["Uni-Lateralr","Narrow Stancer","Hip Width Stancer","Wide Stance"],"exercise_2":[],"implementation_options":["Dumbbell","Kettlebell","Sandbag","Barbell","Safety Bar","Band","Low Pulley","Mid Pulley","High Pulley","Chains","Weighted Vest"]},{"type":"Tibialis Anterior Flexion - Seated - Uni-lateral w/band","exercise_1":["Uni-Lateralr","Narrow Stancer","Hip Width Stancer","Wide Stance"],"exercise_2":[],"implementation_options":["Dumbbell","Kettlebell","Sandbag","Barbell","Safety Bar","Band","Low Pulley","Mid Pulley","High Pulley","Chains","Weighted Vest"]},{"type":"Tibialis Anterior Flexion - Donkey Calf ","exercise_1":["Uni-Lateralr","Narrow Stancer","Hip Width Stancer","Wide Stance"],"exercise_2":[],"implementation_options":["Dumbbell","Kettlebell","Sandbag","Barbell","Safety Bar","Band","Low Pulley","Mid Pulley","High Pulley","Chains","Weighted Vest"]},{"type":"Tibialis Anterior Flexion - Seated - Machine","exercise_1":["Uni-Lateralr","Narrow Stancer","Hip Width Stancer","Wide Stance"],"exercise_2":[],"implementation_options":["Dumbbell","Kettlebell","Sandbag","Barbell","Safety Bar","Band","Low Pulley","Mid Pulley","High Pulley","Chains","Weighted Vest"]},{"type":"Calf Press","exercise_1":["Uni-Lateralr","Narrow Stancer","Hip Width Stancer","Wide Stance"],"exercise_2":[],"implementation_options":["Dumbbell","Kettlebell","Sandbag","Barbell","Safety Bar","Band","Low Pulley","Mid Pulley","High Pulley","Chains","Weighted Vest"]},{"type":"Donkey Calf Raise","exercise_1":["Uni-Lateralr","Narrow Stancer","Hip Width Stancer","Wide Stance"],"exercise_2":[],"implementation_options":["Dumbbell","Kettlebell","Sandbag","Barbell","Safety Bar","Band","Low Pulley","Mid Pulley","High Pulley","Chains","Weighted Vest"]},{"type":"Donkey Calf Raise - Machine","exercise_1":["Uni-Lateralr","Narrow Stancer","Hip Width Stancer","Wide Stance"],"exercise_2":[],"implementation_options":["Dumbbell","Kettlebell","Sandbag","Barbell","Safety Bar","Band","Low Pulley","Mid Pulley","High Pulley","Chains","Weighted Vest"]},{"type":"Standing Calf Raise - Machine","exercise_1":["Uni-Lateralr","Narrow Stancer","Hip Width Stancer","Wide Stance"],"exercise_2":[],"implementation_options":["Dumbbell","Kettlebell","Sandbag","Barbell","Safety Bar","Band","Low Pulley","Mid Pulley","High Pulley","Chains","Weighted Vest"]},{"type":"Standing Calf Raise - Unilateral","exercise_1":["Uni-Lateralr","Narrow Stancer","Hip Width Stancer","Wide Stance"],"exercise_2":[],"implementation_options":["Dumbbell","Kettlebell","Sandbag","Barbell","Safety Bar","Band","Low Pulley","Mid Pulley","High Pulley","Chains","Weighted Vest"]},{"type":"Seated Calf Raise - Machine","exercise_1":["Uni-Lateralr","Narrow Stancer","Hip Width Stancer","Wide Stance"],"exercise_2":[],"implementation_options":["Dumbbell","Kettlebell","Sandbag","Barbell","Safety Bar","Band","Low Pulley","Mid Pulley","High Pulley","Chains","Weighted Vest"]},{"type":"Seated Calf Raise - DB - Unilateral","exercise_1":["Uni-Lateralr","Narrow Stancer","Hip Width Stancer","Wide Stance"],"exercise_2":[],"implementation_options":["Dumbbell","Kettlebell","Sandbag","Barbell","Safety Bar","Band","Low Pulley","Mid Pulley","High Pulley","Chains","Weighted Vest"]}]'),
(5, 'Forearms', '[{"type":"Gripper Machine","exercise_1":["One-Armr","Close Gripr","Medium Gripr","Wide Gripr","Triceps Roper","Hammer Rope"],"exercise_2":[],"implementation_options":["Captains of Crush","Leverage Bar","Clubbell","Dumbbell","Barbell","Kettlebell","Fat Grip Barbell","Low Pulley","Mid Pulley","High Pulley","Zenith Gripper"]},{"type":"Spring Gripper","exercise_1":["One-Armr","Close Gripr","Medium Gripr","Wide Gripr","Triceps Roper","Hammer Rope"],"exercise_2":[],"implementation_options":["Captains of Crush","Leverage Bar","Clubbell","Dumbbell","Barbell","Kettlebell","Fat Grip Barbell","Low Pulley","Mid Pulley","High Pulley","Zenith Gripper"]},{"type":"Radial Flexion","exercise_1":["One-Armr","Close Gripr","Medium Gripr","Wide Gripr","Triceps Roper","Hammer Rope"],"exercise_2":[],"implementation_options":["Captains of Crush","Leverage Bar","Clubbell","Dumbbell","Barbell","Kettlebell","Fat Grip Barbell","Low Pulley","Mid Pulley","High Pulley","Zenith Gripper"]},{"type":"Ulnar Flexion","exercise_1":["One-Armr","Close Gripr","Medium Gripr","Wide Gripr","Triceps Roper","Hammer Rope"],"exercise_2":[],"implementation_options":["Captains of Crush","Leverage Bar","Clubbell","Dumbbell","Barbell","Kettlebell","Fat Grip Barbell","Low Pulley","Mid Pulley","High Pulley","Zenith Gripper"]},{"type":"Wrist Curl - Forearm bench - Barbell","exercise_1":["One-Armr","Close Gripr","Medium Gripr","Wide Gripr","Triceps Roper","Hammer Rope"],"exercise_2":[],"implementation_options":["Captains of Crush","Leverage Bar","Clubbell","Dumbbell","Barbell","Kettlebell","Fat Grip Barbell","Low Pulley","Mid Pulley","High Pulley","Zenith Gripper"]},{"type":"Wrist Curl - Forearm Bench- DB","exercise_1":["One-Armr","Close Gripr","Medium Gripr","Wide Gripr","Triceps Roper","Hammer Rope"],"exercise_2":[],"implementation_options":["Captains of Crush","Leverage Bar","Clubbell","Dumbbell","Barbell","Kettlebell","Fat Grip Barbell","Low Pulley","Mid Pulley","High Pulley","Zenith Gripper"]},{"type":"Wrist Curl - Flat Bench - Cable","exercise_1":["One-Armr","Close Gripr","Medium Gripr","Wide Gripr","Triceps Roper","Hammer Rope"],"exercise_2":[],"implementation_options":["Captains of Crush","Leverage Bar","Clubbell","Dumbbell","Barbell","Kettlebell","Fat Grip Barbell","Low Pulley","Mid Pulley","High Pulley","Zenith Gripper"]},{"type":"Wrist Curl - Standing - Behind the Back","exercise_1":["One-Armr","Close Gripr","Medium Gripr","Wide Gripr","Triceps Roper","Hammer Rope"],"exercise_2":[],"implementation_options":["Captains of Crush","Leverage Bar","Clubbell","Dumbbell","Barbell","Kettlebell","Fat Grip Barbell","Low Pulley","Mid Pulley","High Pulley","Zenith Gripper"]},{"type":"Wrist Extension - Forearm Bench - Barbell","exercise_1":["One-Armr","Close Gripr","Medium Gripr","Wide Gripr","Triceps Roper","Hammer Rope"],"exercise_2":[],"implementation_options":["Captains of Crush","Leverage Bar","Clubbell","Dumbbell","Barbell","Kettlebell","Fat Grip Barbell","Low Pulley","Mid Pulley","High Pulley","Zenith Gripper"]},{"type":"Wrist Extension - Forearm Bench - DB","exercise_1":["One-Armr","Close Gripr","Medium Gripr","Wide Gripr","Triceps Roper","Hammer Rope"],"exercise_2":[],"implementation_options":["Captains of Crush","Leverage Bar","Clubbell","Dumbbell","Barbell","Kettlebell","Fat Grip Barbell","Low Pulley","Mid Pulley","High Pulley","Zenith Gripper"]},{"type":"Wrist Extension - Incline Bench - One-Arm Cable","exercise_1":["One-Armr","Close Gripr","Medium Gripr","Wide Gripr","Triceps Roper","Hammer Rope"],"exercise_2":[],"implementation_options":["Captains of Crush","Leverage Bar","Clubbell","Dumbbell","Barbell","Kettlebell","Fat Grip Barbell","Low Pulley","Mid Pulley","High Pulley","Zenith Gripper"]},{"type":"Wrist Pronation - Hammer Rope - Cable","exercise_1":["One-Armr","Close Gripr","Medium Gripr","Wide Gripr","Triceps Roper","Hammer Rope"],"exercise_2":[],"implementation_options":["Captains of Crush","Leverage Bar","Clubbell","Dumbbell","Barbell","Kettlebell","Fat Grip Barbell","Low Pulley","Mid Pulley","High Pulley","Zenith Gripper"]},{"type":"Wrist Supination - Hammer Rope - Cable","exercise_1":["One-Armr","Close Gripr","Medium Gripr","Wide Gripr","Triceps Roper","Hammer Rope"],"exercise_2":[],"implementation_options":["Captains of Crush","Leverage Bar","Clubbell","Dumbbell","Barbell","Kettlebell","Fat Grip Barbell","Low Pulley","Mid Pulley","High Pulley","Zenith Gripper"]},{"type":"Wrist Supination - DB","exercise_1":["One-Armr","Close Gripr","Medium Gripr","Wide Gripr","Triceps Roper","Hammer Rope"],"exercise_2":[],"implementation_options":["Captains of Crush","Leverage Bar","Clubbell","Dumbbell","Barbell","Kettlebell","Fat Grip Barbell","Low Pulley","Mid Pulley","High Pulley","Zenith Gripper"]},{"type":"Wrist Roller","exercise_1":["One-Armr","Close Gripr","Medium Gripr","Wide Gripr","Triceps Roper","Hammer Rope"],"exercise_2":[],"implementation_options":["Captains of Crush","Leverage Bar","Clubbell","Dumbbell","Barbell","Kettlebell","Fat Grip Barbell","Low Pulley","Mid Pulley","High Pulley","Zenith Gripper"]},{"type":"Wrist Extension - Squatting Low Pulley","exercise_1":["One-Armr","Close Gripr","Medium Gripr","Wide Gripr","Triceps Roper","Hammer Rope"],"exercise_2":[],"implementation_options":["Captains of Crush","Leverage Bar","Clubbell","Dumbbell","Barbell","Kettlebell","Fat Grip Barbell","Low Pulley","Mid Pulley","High Pulley","Zenith Gripper"]},{"type":"Wrist Supination - Kneeling Low Pulley","exercise_1":["One-Armr","Close Gripr","Medium Gripr","Wide Gripr","Triceps Roper","Hammer Rope"],"exercise_2":[],"implementation_options":["Captains of Crush","Leverage Bar","Clubbell","Dumbbell","Barbell","Kettlebell","Fat Grip Barbell","Low Pulley","Mid Pulley","High Pulley","Zenith Gripper"]}]'),
(6, 'Hamstrings', '[{"type":"TRX Leg Curl - Bilateral","exercise_1":["Uni-Lateralr","Heels Togetherr","Hip Width Stancer","Wide Stancer","Dorsiflexedr","Plantarflexedr","Poliquinr","2 up 1 downr","1.25 repsr",""],"exercise_2":[],"implementation_options":["Dumbbell","Kettlebell","Barbell","Banded","Medicine Ball","weight vest","Chains","Low Pulley","Mid Pulley","High Pulley"]},{"type":"TRX Leg Curl - Alternating","exercise_1":["Uni-Lateralr","Heels Togetherr","Hip Width Stancer","Wide Stancer","Dorsiflexedr","Plantarflexedr","Poliquinr","2 up 1 downr","1.25 repsr",""],"exercise_2":[],"implementation_options":["Dumbbell","Kettlebell","Barbell","Banded","Medicine Ball","weight vest","Chains","Low Pulley","Mid Pulley","High Pulley"]},{"type":"Swiss Ball Leg Curl","exercise_1":["Uni-Lateralr","Heels Togetherr","Hip Width Stancer","Wide Stancer","Dorsiflexedr","Plantarflexedr","Poliquinr","2 up 1 downr","1.25 repsr",""],"exercise_2":[],"implementation_options":["Dumbbell","Kettlebell","Barbell","Banded","Medicine Ball","weight vest","Chains","Low Pulley","Mid Pulley","High Pulley"]},{"type":"Swiss Ball Leg Curl - 2 up 1 down","exercise_1":["Uni-Lateralr","Heels Togetherr","Hip Width Stancer","Wide Stancer","Dorsiflexedr","Plantarflexedr","Poliquinr","2 up 1 downr","1.25 repsr",""],"exercise_2":[],"implementation_options":["Dumbbell","Kettlebell","Barbell","Banded","Medicine Ball","weight vest","Chains","Low Pulley","Mid Pulley","High Pulley"]},{"type":"Kneeling Leg Curl - Dorsiflexed","exercise_1":["Uni-Lateralr","Heels Togetherr","Hip Width Stancer","Wide Stancer","Dorsiflexedr","Plantarflexedr","Poliquinr","2 up 1 downr","1.25 repsr",""],"exercise_2":[],"implementation_options":["Dumbbell","Kettlebell","Barbell","Banded","Medicine Ball","weight vest","Chains","Low Pulley","Mid Pulley","High Pulley"]},{"type":"Kneeling Leg Curl - Plantarflexed","exercise_1":["Uni-Lateralr","Heels Togetherr","Hip Width Stancer","Wide Stancer","Dorsiflexedr","Plantarflexedr","Poliquinr","2 up 1 downr","1.25 repsr",""],"exercise_2":[],"implementation_options":["Dumbbell","Kettlebell","Barbell","Banded","Medicine Ball","weight vest","Chains","Low Pulley","Mid Pulley","High Pulley"]},{"type":"Kneeling Leg Curl - Poliquin","exercise_1":["Uni-Lateralr","Heels Togetherr","Hip Width Stancer","Wide Stancer","Dorsiflexedr","Plantarflexedr","Poliquinr","2 up 1 downr","1.25 repsr",""],"exercise_2":[],"implementation_options":["Dumbbell","Kettlebell","Barbell","Banded","Medicine Ball","weight vest","Chains","Low Pulley","Mid Pulley","High Pulley"]},{"type":"Prone Leg Curl - Dorsiflexed","exercise_1":["Uni-Lateralr","Heels Togetherr","Hip Width Stancer","Wide Stancer","Dorsiflexedr","Plantarflexedr","Poliquinr","2 up 1 downr","1.25 repsr",""],"exercise_2":[],"implementation_options":["Dumbbell","Kettlebell","Barbell","Banded","Medicine Ball","weight vest","Chains","Low Pulley","Mid Pulley","High Pulley"]},{"type":"Prone Leg Curl - Plantarflexed","exercise_1":["Uni-Lateralr","Heels Togetherr","Hip Width Stancer","Wide Stancer","Dorsiflexedr","Plantarflexedr","Poliquinr","2 up 1 downr","1.25 repsr",""],"exercise_2":[],"implementation_options":["Dumbbell","Kettlebell","Barbell","Banded","Medicine Ball","weight vest","Chains","Low Pulley","Mid Pulley","High Pulley"]},{"type":"Prone Leg Curl - Poliquin","exercise_1":["Uni-Lateralr","Heels Togetherr","Hip Width Stancer","Wide Stancer","Dorsiflexedr","Plantarflexedr","Poliquinr","2 up 1 downr","1.25 repsr",""],"exercise_2":[],"implementation_options":["Dumbbell","Kettlebell","Barbell","Banded","Medicine Ball","weight vest","Chains","Low Pulley","Mid Pulley","High Pulley"]},{"type":"Prone Leg Curl - 2 up 1 down","exercise_1":["Uni-Lateralr","Heels Togetherr","Hip Width Stancer","Wide Stancer","Dorsiflexedr","Plantarflexedr","Poliquinr","2 up 1 downr","1.25 repsr",""],"exercise_2":[],"implementation_options":["Dumbbell","Kettlebell","Barbell","Banded","Medicine Ball","weight vest","Chains","Low Pulley","Mid Pulley","High Pulley"]},{"type":"Glute-Hamstrings Raise","exercise_1":["Uni-Lateralr","Heels Togetherr","Hip Width Stancer","Wide Stancer","Dorsiflexedr","Plantarflexedr","Poliquinr","2 up 1 downr","1.25 repsr",""],"exercise_2":[],"implementation_options":["Dumbbell","Kettlebell","Barbell","Banded","Medicine Ball","weight vest","Chains","Low Pulley","Mid Pulley","High Pulley"]},{"type":"Nordic Eccentric Hamstrings Curl","exercise_1":["Uni-Lateralr","Heels Togetherr","Hip Width Stancer","Wide Stancer","Dorsiflexedr","Plantarflexedr","Poliquinr","2 up 1 downr","1.25 repsr",""],"exercise_2":[],"implementation_options":["Dumbbell","Kettlebell","Barbell","Banded","Medicine Ball","weight vest","Chains","Low Pulley","Mid Pulley","High Pulley"]},{"type":"Seated Leg Curl ","exercise_1":["Uni-Lateralr","Heels Togetherr","Hip Width Stancer","Wide Stancer","Dorsiflexedr","Plantarflexedr","Poliquinr","2 up 1 downr","1.25 repsr",""],"exercise_2":[],"implementation_options":["Dumbbell","Kettlebell","Barbell","Banded","Medicine Ball","weight vest","Chains","Low Pulley","Mid Pulley","High Pulley"]},{"type":"Standing Leg Curl","exercise_1":["Uni-Lateralr","Heels Togetherr","Hip Width Stancer","Wide Stancer","Dorsiflexedr","Plantarflexedr","Poliquinr","2 up 1 downr","1.25 repsr",""],"exercise_2":[],"implementation_options":["Dumbbell","Kettlebell","Barbell","Banded","Medicine Ball","weight vest","Chains","Low Pulley","Mid Pulley","High Pulley"]}]'),
(7, 'Neck', '[{"type":"Neck Extension, Prone","exercise_1":["Harness            r","Machine            r","Standing  Swiss Ball          r","Supine  Swiss Ball          r","Towel            r","Isometricr","Kneeling"],"exercise_2":[],"implementation_options":["Low Pulley","Mid Pulley","High Pulley","Bands","Dumbbell","weight plate","Band "]},{"type":"Neck Extension, Machine","exercise_1":["Harness            r","Machine            r","Standing  Swiss Ball          r","Supine  Swiss Ball          r","Towel            r","Isometricr","Kneeling"],"exercise_2":[],"implementation_options":["Low Pulley","Mid Pulley","High Pulley","Bands","Dumbbell","weight plate","Band "]},{"type":"Neck Extension - Standing - Swiss Ball","exercise_1":["Harness            r","Machine            r","Standing  Swiss Ball          r","Supine  Swiss Ball          r","Towel            r","Isometricr","Kneeling"],"exercise_2":[],"implementation_options":["Low Pulley","Mid Pulley","High Pulley","Bands","Dumbbell","weight plate","Band "]},{"type":"Neck Extension - Supine - Swiss Ball","exercise_1":["Harness            r","Machine            r","Standing  Swiss Ball          r","Supine  Swiss Ball          r","Towel            r","Isometricr","Kneeling"],"exercise_2":[],"implementation_options":["Low Pulley","Mid Pulley","High Pulley","Bands","Dumbbell","weight plate","Band "]},{"type":"Neck Extension - Harness","exercise_1":["Harness            r","Machine            r","Standing  Swiss Ball          r","Supine  Swiss Ball          r","Towel            r","Isometricr","Kneeling"],"exercise_2":[],"implementation_options":["Low Pulley","Mid Pulley","High Pulley","Bands","Dumbbell","weight plate","Band "]},{"type":"Neck Flexion - Supine","exercise_1":["Harness            r","Machine            r","Standing  Swiss Ball          r","Supine  Swiss Ball          r","Towel            r","Isometricr","Kneeling"],"exercise_2":[],"implementation_options":["Low Pulley","Mid Pulley","High Pulley","Bands","Dumbbell","weight plate","Band "]},{"type":"Neck Flexion - Machine","exercise_1":["Harness            r","Machine            r","Standing  Swiss Ball          r","Supine  Swiss Ball          r","Towel            r","Isometricr","Kneeling"],"exercise_2":[],"implementation_options":["Low Pulley","Mid Pulley","High Pulley","Bands","Dumbbell","weight plate","Band "]},{"type":"Neck Flexion - Standing - Swiss Ball","exercise_1":["Harness            r","Machine            r","Standing  Swiss Ball          r","Supine  Swiss Ball          r","Towel            r","Isometricr","Kneeling"],"exercise_2":[],"implementation_options":["Low Pulley","Mid Pulley","High Pulley","Bands","Dumbbell","weight plate","Band "]},{"type":"Neck Flexion - Kneeling - Swiss Ball","exercise_1":["Harness            r","Machine            r","Standing  Swiss Ball          r","Supine  Swiss Ball          r","Towel            r","Isometricr","Kneeling"],"exercise_2":[],"implementation_options":["Low Pulley","Mid Pulley","High Pulley","Bands","Dumbbell","weight plate","Band "]},{"type":"Neck Lateral Flexion - Swiss Ball","exercise_1":["Harness            r","Machine            r","Standing  Swiss Ball          r","Supine  Swiss Ball          r","Towel            r","Isometricr","Kneeling"],"exercise_2":[],"implementation_options":["Low Pulley","Mid Pulley","High Pulley","Bands","Dumbbell","weight plate","Band "]},{"type":"Neck Lateral Flexion - Machine","exercise_1":["Harness            r","Machine            r","Standing  Swiss Ball          r","Supine  Swiss Ball          r","Towel            r","Isometricr","Kneeling"],"exercise_2":[],"implementation_options":["Low Pulley","Mid Pulley","High Pulley","Bands","Dumbbell","weight plate","Band "]},{"type":"Neck Lateral Flexion - Harness","exercise_1":["Harness            r","Machine            r","Standing  Swiss Ball          r","Supine  Swiss Ball          r","Towel            r","Isometricr","Kneeling"],"exercise_2":[],"implementation_options":["Low Pulley","Mid Pulley","High Pulley","Bands","Dumbbell","weight plate","Band "]}]'),
(8, 'Pectorals', '[{"type":"Incline Bench Press","exercise_1":["10u00b0 Incline      r","15u00b0 Incliner","30u00b0 Incline      r","45u00b0 Incliner","60u00b0 Incline       r","75u00b0 Incline       "],"exercise_2":["Close Grip - Neutralr","Close Grip - Pronatedr","Close Grip - Semi Pronatedr","Medium Grip - Neutralr","Medium Grip - Pronatedr","Medium Grip - Semi-Pronatedr","Wide Grip - Neutralr","Wide Grip - Pronatedr","Wide Grip - Semi Pronated"],"implementation_options":["Barbell","Dumbbell","T-Grip Bar","Football Bar","Thick Bar","TRX","Kettlebell","EZ Bar","Log Bar","Low Pulley","Mid Pulley","High Pulley","Thick Dumbbell","Cambered Bar","Fat Gripz","Multi-Grip Bar","add Custom"]},{"type":"Incline Bench Press - Mid Grip","exercise_1":["10u00b0 Incline      r","15u00b0 Incliner","30u00b0 Incline      r","45u00b0 Incliner","60u00b0 Incline       r","75u00b0 Incline       "],"exercise_2":["Close Grip - Neutralr","Close Grip - Pronatedr","Close Grip - Semi Pronatedr","Medium Grip - Neutralr","Medium Grip - Pronatedr","Medium Grip - Semi-Pronatedr","Wide Grip - Neutralr","Wide Grip - Pronatedr","Wide Grip - Semi Pronated"],"implementation_options":["Barbell","Dumbbell","T-Grip Bar","Football Bar","Thick Bar","TRX","Kettlebell","EZ Bar","Log Bar","Low Pulley","Mid Pulley","High Pulley","Thick Dumbbell","Cambered Bar","Fat Gripz","Multi-Grip Bar","add Custom"]},{"type":"Incline Bench Press - Wide Grip","exercise_1":["10u00b0 Incline      r","15u00b0 Incliner","30u00b0 Incline      r","45u00b0 Incliner","60u00b0 Incline       r","75u00b0 Incline       "],"exercise_2":["Close Grip - Neutralr","Close Grip - Pronatedr","Close Grip - Semi Pronatedr","Medium Grip - Neutralr","Medium Grip - Pronatedr","Medium Grip - Semi-Pronatedr","Wide Grip - Neutralr","Wide Grip - Pronatedr","Wide Grip - Semi Pronated"],"implementation_options":["Barbell","Dumbbell","T-Grip Bar","Football Bar","Thick Bar","TRX","Kettlebell","EZ Bar","Log Bar","Low Pulley","Mid Pulley","High Pulley","Thick Dumbbell","Cambered Bar","Fat Gripz","Multi-Grip Bar","add Custom"]},{"type":"Incline Bench Press - Neutral Grip","exercise_1":["10u00b0 Incline      r","15u00b0 Incliner","30u00b0 Incline      r","45u00b0 Incliner","60u00b0 Incline       r","75u00b0 Incline       "],"exercise_2":["Close Grip - Neutralr","Close Grip - Pronatedr","Close Grip - Semi Pronatedr","Medium Grip - Neutralr","Medium Grip - Pronatedr","Medium Grip - Semi-Pronatedr","Wide Grip - Neutralr","Wide Grip - Pronatedr","Wide Grip - Semi Pronated"],"implementation_options":["Barbell","Dumbbell","T-Grip Bar","Football Bar","Thick Bar","TRX","Kettlebell","EZ Bar","Log Bar","Low Pulley","Mid Pulley","High Pulley","Thick Dumbbell","Cambered Bar","Fat Gripz","Multi-Grip Bar","add Custom"]},{"type":"Incline DB Bench Press - Neutral Grip","exercise_1":["10u00b0 Incline      r","15u00b0 Incliner","30u00b0 Incline      r","45u00b0 Incliner","60u00b0 Incline       r","75u00b0 Incline       "],"exercise_2":["Neutral Gripr","Pronated Gripr","Semi-Pronated Gripr","Semi-Supinated Gripr","Rotating Grip"],"implementation_options":["Barbell","Dumbbell","T-Grip Bar","Football Bar","Thick Bar","TRX","Kettlebell","EZ Bar","Log Bar","Low Pulley","Mid Pulley","High Pulley","Thick Dumbbell","Cambered Bar","Fat Gripz","Multi-Grip Bar","add Custom"]},{"type":"Incline DB Bench Press - Pronated Grip","exercise_1":["10u00b0 Incline      r","15u00b0 Incliner","30u00b0 Incline      r","45u00b0 Incliner","60u00b0 Incline       r","75u00b0 Incline       "],"exercise_2":["Neutral Gripr","Pronated Gripr","Semi-Pronated Gripr","Semi-Supinated Gripr","Rotating Grip"],"implementation_options":["Barbell","Dumbbell","T-Grip Bar","Football Bar","Thick Bar","TRX","Kettlebell","EZ Bar","Log Bar","Low Pulley","Mid Pulley","High Pulley","Thick Dumbbell","Cambered Bar","Fat Gripz","Multi-Grip Bar","add Custom"]},{"type":"Incline DB Bench Press - Rotating Grip","exercise_1":["10u00b0 Incline      r","15u00b0 Incliner","30u00b0 Incline      r","45u00b0 Incliner","60u00b0 Incline       r","75u00b0 Incline       "],"exercise_2":["Neutral Gripr","Pronated Gripr","Semi-Pronated Gripr","Semi-Supinated Gripr","Rotating Grip"],"implementation_options":["Barbell","Dumbbell","T-Grip Bar","Football Bar","Thick Bar","TRX","Kettlebell","EZ Bar","Log Bar","Low Pulley","Mid Pulley","High Pulley","Thick Dumbbell","Cambered Bar","Fat Gripz","Multi-Grip Bar","add Custom"]},{"type":"Incline DB Bench Press - Semi-Pronated Grip","exercise_1":["10u00b0 Incline      r","15u00b0 Incliner","30u00b0 Incline      r","45u00b0 Incliner","60u00b0 Incline       r","75u00b0 Incline       "],"exercise_2":["Neutral Gripr","Pronated Gripr","Semi-Pronated Gripr","Semi-Supinated Gripr","Rotating Grip"],"implementation_options":["Barbell","Dumbbell","T-Grip Bar","Football Bar","Thick Bar","TRX","Kettlebell","EZ Bar","Log Bar","Low Pulley","Mid Pulley","High Pulley","Thick Dumbbell","Cambered Bar","Fat Gripz","Multi-Grip Bar","add Custom"]},{"type":"Incline DB Bench Press - Semi-Supinated Grip","exercise_1":["10u00b0 Incline      r","15u00b0 Incliner","30u00b0 Incline      r","45u00b0 Incliner","60u00b0 Incline       r","75u00b0 Incline       "],"exercise_2":["Neutral Gripr","Pronated Gripr","Semi-Pronated Gripr","Semi-Supinated Gripr","Rotating Grip"],"implementation_options":["Barbell","Dumbbell","T-Grip Bar","Football Bar","Thick Bar","TRX","Kettlebell","EZ Bar","Log Bar","Low Pulley","Mid Pulley","High Pulley","Thick Dumbbell","Cambered Bar","Fat Gripz","Multi-Grip Bar","add Custom"]},{"type":"Bench Press","exercise_1":["Close Gripr","Medium Gripr","Wide Grip"],"exercise_2":["Neutralr","Pronatedr","Semi-Pronatedr","Semi-Supinated"],"implementation_options":["Barbell","Dumbbell","T-Grip Bar","Football Bar","Thick Bar","TRX","Kettlebell","EZ Bar","Log Bar","Low Pulley","Mid Pulley","High Pulley","Thick Dumbbell","Cambered Bar","Fat Gripz","Multi-Grip Bar","add Custom"]},{"type":"Bench Press to the Neck","exercise_1":["Medium Gripr","Wide Grip"],"exercise_2":[],"implementation_options":["Barbell","Dumbbell","T-Grip Bar","Football Bar","Thick Bar","TRX","Kettlebell","EZ Bar","Log Bar","Low Pulley","Mid Pulley","High Pulley","Thick Dumbbell","Cambered Bar","Fat Gripz","Multi-Grip Bar","add Custom"]},{"type":"DB Bench Press","exercise_1":["Neutral Gripr","Pronated Gripr","Semi-Pronated Gripr","Semi-Supinated Gripr","Rotating Grip"],"exercise_2":["Neutral Gripr","Pronated Gripr","Semi-Pronated Gripr","Semi-Supinated Gripr","Rotating Grip"],"implementation_options":["Barbell","Dumbbell","T-Grip Bar","Football Bar","Thick Bar","TRX","Kettlebell","EZ Bar","Log Bar","Low Pulley","Mid Pulley","High Pulley","Thick Dumbbell","Cambered Bar","Fat Gripz","Multi-Grip Bar","add Custom"]},{"type":"Decline Bench Press","exercise_1":["Close Gripr","Medium Gripr","Wide Grip"],"exercise_2":["Neutralr","Pronatedr","Semi-Pronatedr","Semi-Supinatedr","Rotating"],"implementation_options":["Barbell","Dumbbell","T-Grip Bar","Football Bar","Thick Bar","TRX","Kettlebell","EZ Bar","Log Bar","Low Pulley","Mid Pulley","High Pulley","Thick Dumbbell","Cambered Bar","Fat Gripz","Multi-Grip Bar","add Custom"]},{"type":"Rack Bench Press","exercise_1":["Close Gripr","Medium Gripr","Wide grip"],"exercise_2":["top 1/4 lockoutr","top 1/3 lockoutr","top 1/2 lockout"],"implementation_options":["Barbell","Dumbbell","T-Grip Bar","Football Bar","Thick Bar","TRX","Kettlebell","EZ Bar","Log Bar","Low Pulley","Mid Pulley","High Pulley","Thick Dumbbell","Cambered Bar","Fat Gripz","Multi-Grip Bar","add Custom"]},{"type":"Chest Dip","exercise_1":["Gironda            r","Parallel Bar            r","Roman Rings            r","V Bar            "],"exercise_2":["Narrowr","Mediumr","Wide"],"implementation_options":["Barbell","Dumbbell","T-Grip Bar","Football Bar","Thick Bar","TRX","Kettlebell","EZ Bar","Log Bar","Low Pulley","Mid Pulley","High Pulley","Thick Dumbbell","Cambered Bar","Fat Gripz","Multi-Grip Bar","add Custom"]},{"type":"Cable Chest Fly","exercise_1":["Flatr","Incliner","Decliner","Standingr","Kneeling"],"exercise_2":["Neutral Gripr","Pronated Gripr","Semi-Pronated Gripr","Semi-Supinated Gripr","Rotating Grip"],"implementation_options":["Barbell","Dumbbell","T-Grip Bar","Football Bar","Thick Bar","TRX","Kettlebell","EZ Bar","Log Bar","Low Pulley","Mid Pulley","High Pulley","Thick Dumbbell","Cambered Bar","Fat Gripz","Multi-Grip Bar","add Custom"]},{"type":"DB Chest Fly","exercise_1":["Flatr","10u00b0 Incline      r","15u00b0 Incliner","30u00b0 Incline      r","45u00b0 Incliner","60u00b0 Incline       r","75u00b0 Incline       r","Decline"],"exercise_2":["Neutral Gripr","Pronated Gripr","Semi-Pronated Gripr","Semi-Supinated Gripr","Rotating Grip"],"implementation_options":["Barbell","Dumbbell","T-Grip Bar","Football Bar","Thick Bar","TRX","Kettlebell","EZ Bar","Log Bar","Low Pulley","Mid Pulley","High Pulley","Thick Dumbbell","Cambered Bar","Fat Gripz","Multi-Grip Bar","add Custom"]},{"type":"Machine Chest Fly","exercise_1":["Neutralr","Pronated"],"exercise_2":[],"implementation_options":["Barbell","Dumbbell","T-Grip Bar","Football Bar","Thick Bar","TRX","Kettlebell","EZ Bar","Log Bar","Low Pulley","Mid Pulley","High Pulley","Thick Dumbbell","Cambered Bar","Fat Gripz","Multi-Grip Bar","add Custom"]},{"type":"Machine Chest Press","exercise_1":["Flatr","10u00b0 Incline      r","15u00b0 Incliner","30u00b0 Incline      r","45u00b0 Incliner","60u00b0 Incline       r","75u00b0 Incline       r","Decline"],"exercise_2":["Neutral Gripr","Pronated Gripr","Semi-Pronated Gripr","Semi-Supinated Gripr","Rotating Gripr","Converging"],"implementation_options":["Barbell","Dumbbell","T-Grip Bar","Football Bar","Thick Bar","TRX","Kettlebell","EZ Bar","Log Bar","Low Pulley","Mid Pulley","High Pulley","Thick Dumbbell","Cambered Bar","Fat Gripz","Multi-Grip Bar","add Custom"]},{"type":"Push-up","exercise_1":["Decliner","clapping            r","Feet on Ball            r","Feet on Bench            r","Roman Rings            r","Rackr","Bench"],"exercise_2":["Hands Closer","Hands Chest Widthr","Hands Wide"],"implementation_options":["Barbell","Dumbbell","T-Grip Bar","Football Bar","Thick Bar","TRX","Kettlebell","EZ Bar","Log Bar","Low Pulley","Mid Pulley","High Pulley","Thick Dumbbell","Cambered Bar","Fat Gripz","Multi-Grip Bar","add Custom"]}]'),
(9, 'Posterior Chain/Glutes', '[{"type":"Back Extension, 45u00b0 Incline            ","exercise_1":["Offsetr","Uni-Lateral"],"exercise_2":[],"implementation_options":["Swiss Ball","Barbell","Dumbbells ","Kettlebell","Buffalo Bar","Cambered Bar","Safety Bar","Band","High Pulley","Low pulley","Mid Pulley"]},{"type":"Back Extension, Horizontal","exercise_1":[],"exercise_2":[],"implementation_options":["Swiss Ball","Barbell","Dumbbells ","Kettlebell","Buffalo Bar","Cambered Bar","Safety Bar","Band","High Pulley","Low pulley","Mid Pulley"]},{"type":"Seated Back Extension, Machine","exercise_1":[],"exercise_2":[],"implementation_options":["Swiss Ball","Barbell","Dumbbells ","Kettlebell","Buffalo Bar","Cambered Bar","Safety Bar","Band","High Pulley","Low pulley","Mid Pulley"]},{"type":"Deadlift","exercise_1":["Clean Grip            r","Snatch Grip"],"exercise_2":["Podiumr","Rack Above Kneer","Rack Below Kneer","Blocks"],"implementation_options":["Swiss Ball","Barbell","Dumbbells ","Kettlebell","Buffalo Bar","Cambered Bar","Safety Bar","Band","High Pulley","Low pulley","Mid Pulley"]},{"type":"Romanian Deadlift","exercise_1":["Clean Grip            r","Snatch Gripr","1-Leg"],"exercise_2":["Podiumr","Rack Above Kneer","Rack Below Kneer","Blocks"],"implementation_options":["Swiss Ball","Barbell","Dumbbells ","Kettlebell","Buffalo Bar","Cambered Bar","Safety Bar","Band","High Pulley","Low pulley","Mid Pulley"]},{"type":"Sumo Deadlift","exercise_1":["Clean Gripr","Over-Under gripr","Straps"],"exercise_2":["Podiumr","Rack at Kneer","Rack Below Knee"],"implementation_options":["Swiss Ball","Barbell","Dumbbells ","Kettlebell","Buffalo Bar","Cambered Bar","Safety Bar","Band","High Pulley","Low pulley","Mid Pulley"]},{"type":"Glute-ham Raise","exercise_1":["close stancer","medium stancer","wide stance"],"exercise_2":[],"implementation_options":["Swiss Ball","Barbell","Dumbbells ","Kettlebell","Buffalo Bar","Cambered Bar","Safety Bar","Band","High Pulley","Low pulley","Mid Pulley"]},{"type":"Goodmorning","exercise_1":["Seated  Medium Stance          r","Seated  Wide Stance          r","Standing  Medium Stance          r","Standing  Wide Stance          "],"exercise_2":[],"implementation_options":["Swiss Ball","Barbell","Dumbbells ","Kettlebell","Buffalo Bar","Cambered Bar","Safety Bar","Band","High Pulley","Low pulley","Mid Pulley"]},{"type":"Hip Bridge","exercise_1":["Supine            r","Supine  Unilateral          r","Swiss Ball            r","Swiss Ball  Unilateral          "],"exercise_2":[],"implementation_options":["Swiss Ball","Barbell","Dumbbells ","Kettlebell","Buffalo Bar","Cambered Bar","Safety Bar","Band","High Pulley","Low pulley","Mid Pulley"]},{"type":"Hip Bridge + Knee Flexion Combo","exercise_1":["Swiss Ball            r","Swiss Ball  Unilateral          "],"exercise_2":[],"implementation_options":["Swiss Ball","Barbell","Dumbbells ","Kettlebell","Buffalo Bar","Cambered Bar","Safety Bar","Band","High Pulley","Low pulley","Mid Pulley"]},{"type":"Kettlebell Swings","exercise_1":[],"exercise_2":[],"implementation_options":["Swiss Ball","Barbell","Dumbbells ","Kettlebell","Buffalo Bar","Cambered Bar","Safety Bar","Band","High Pulley","Low pulley","Mid Pulley"]},{"type":"Cable Pull-Through","exercise_1":["Medium Stance            r","Wide Stance            "],"exercise_2":[],"implementation_options":["Swiss Ball","Barbell","Dumbbells ","Kettlebell","Buffalo Bar","Cambered Bar","Safety Bar","Band","High Pulley","Low pulley","Mid Pulley"]},{"type":"Reverse Hip Extension","exercise_1":["Feet Medium            r","Feet Narrow            r","Feet Wide            r","Swiss Ball            "],"exercise_2":[],"implementation_options":["Swiss Ball","Barbell","Dumbbells ","Kettlebell","Buffalo Bar","Cambered Bar","Safety Bar","Band","High Pulley","Low pulley","Mid Pulley"]},{"type":"Monster Walk","exercise_1":["Seatedr","Standing"],"exercise_2":["Machiner","Band"],"implementation_options":["Swiss Ball","Barbell","Dumbbells ","Kettlebell","Buffalo Bar","Cambered Bar","Safety Bar","Band","High Pulley","Low pulley","Mid Pulley"]},{"type":"Side Lying Hip Abduction, Bent Knee","exercise_1":["Side Lying"],"exercise_2":["Cable"],"implementation_options":["Swiss Ball","Barbell","Dumbbells ","Kettlebell","Buffalo Bar","Cambered Bar","Safety Bar","Band","High Pulley","Low pulley","Mid Pulley"]},{"type":"Cable Hip Abduction","exercise_1":["Seatedr","Standingr","Side Lying"],"exercise_2":["Machiner","Bandr","Cable"],"implementation_options":["Swiss Ball","Barbell","Dumbbells ","Kettlebell","Buffalo Bar","Cambered Bar","Safety Bar","Band","High Pulley","Low pulley","Mid Pulley"]},{"type":"Supine Hip Bridge","exercise_1":["Dynamic"],"exercise_2":[],"implementation_options":["Swiss Ball","Barbell","Dumbbells ","Kettlebell","Buffalo Bar","Cambered Bar","Safety Bar","Band","High Pulley","Low pulley","Mid Pulley"]},{"type":"Hip Hinge","exercise_1":["Standingr","Kneeling"],"exercise_2":["Banded"],"implementation_options":["Swiss Ball","Barbell","Dumbbells ","Kettlebell","Buffalo Bar","Cambered Bar","Safety Bar","Band","High Pulley","Low pulley","Mid Pulley"]},{"type":"McKenzie Press-up","exercise_1":[],"exercise_2":[],"implementation_options":["Swiss Ball","Barbell","Dumbbells ","Kettlebell","Buffalo Bar","Cambered Bar","Safety Bar","Band","High Pulley","Low pulley","Mid Pulley"]},{"type":"Prone Cobra","exercise_1":[],"exercise_2":[],"implementation_options":["Swiss Ball","Barbell","Dumbbells ","Kettlebell","Buffalo Bar","Cambered Bar","Safety Bar","Band","High Pulley","Low pulley","Mid Pulley"]}]'),
(10, 'Quadriceps', '[{"type":"Cossack Squat","exercise_1":[],"exercise_2":[],"implementation_options":["Buffalo Bar"]},{"type":"Goblet Squat","exercise_1":[],"exercise_2":[],"implementation_options":["Safety Bar"]},{"type":"Machine Hack Squat","exercise_1":["Feet Highr","Feet Low r","Feet Middle"],"exercise_2":["Narrow Stancer","Medium Stancer","Wide Stancer","Duck Stancer","Platz Stance"],"implementation_options":["Barbell","Dumbbell","Trap Bar","Kettlebell","Axle","Cambered Bar","Rocker Board            ","Sitfit            ","Wobble Board            "]},{"type":"Barbell Hack Squat","exercise_1":["Heels Elevated"],"exercise_2":[],"implementation_options":["Barbell","Dumbbell","Trap Bar","Kettlebell","Axle","Cambered Bar","Rocker Board            ","Sitfit            ","Wobble Board            "]},{"type":"Leg Extension","exercise_1":[],"exercise_2":[],"implementation_options":["Barbell","Dumbbell","Trap Bar","Kettlebell","Axle","Cambered Bar","Rocker Board            ","Sitfit            ","Wobble Board            "]},{"type":"Leg Extension","exercise_1":["Unilateral            "],"exercise_2":[],"implementation_options":["Barbell","Dumbbell","Trap Bar","Kettlebell","Axle","Cambered Bar","Rocker Board            ","Sitfit            ","Wobble Board            "]},{"type":"Horizontal Leg Press","exercise_1":["Feet Highr","Feet Low r","Feet Middler","Uni-Lateralr","Platz Stance"],"exercise_2":["Narrow Stancer","Medium Stancer","Wide Stancer","Duck Stance"],"implementation_options":["Barbell","Dumbbell","Trap Bar","Kettlebell","Axle","Cambered Bar","Rocker Board            ","Sitfit            ","Wobble Board            "]},{"type":"Incline Leg Press","exercise_1":["Feet Highr","Feet Low r","Feet Middler","Uni-Lateralr","Platz Stance"],"exercise_2":["Narrow Stancer","Medium Stancer","Wide Stancer","Duck Stance"],"implementation_options":["Barbell","Dumbbell","Trap Bar","Kettlebell","Axle","Cambered Bar","Rocker Board            ","Sitfit            ","Wobble Board            "]},{"type":"Lunge","exercise_1":["Forwardr","Dropr","Reverser","Walking Forwardr","Walking Backward            "],"exercise_2":["Alternating"],"implementation_options":["Barbell","Dumbbell","Trap Bar","Kettlebell","Axle","Cambered Bar","Rocker Board            ","Sitfit            ","Wobble Board            "]},{"type":"Pendulum Squat","exercise_1":["Duck Stancer","Narrow Stancer","Medium Stancer","Wide Stance"],"exercise_2":[],"implementation_options":["Barbell","Dumbbell","Trap Bar","Kettlebell","Axle","Cambered Bar","Rocker Board            ","Sitfit            ","Wobble Board            "]},{"type":"Power Squat Machine","exercise_1":["Facing Inr","Facing Out"],"exercise_2":["Narrow Stancer","Medium Stancer","Wide Stancer","Duck Stance"],"implementation_options":["Barbell","Dumbbell","Trap Bar","Kettlebell","Axle","Cambered Bar","Rocker Board            ","Sitfit            ","Wobble Board            "]},{"type":"Split Squat","exercise_1":["Front Foot Elevated            r","Rear Leg Elevated"],"exercise_2":["1.25 reps"],"implementation_options":["Barbell","Dumbbell","Trap Bar","Kettlebell","Axle","Cambered Bar","Rocker Board            ","Sitfit            ","Wobble Board            "]},{"type":"Low Bar Squat","exercise_1":["Narrow Stancer","Medium Stancer","Wide Stance"],"exercise_2":["Top 1/3 ranger","Top 1/4 ranger","Isometronic"],"implementation_options":["Barbell","Dumbbell","Trap Bar","Kettlebell","Axle","Cambered Bar","Rocker Board            ","Sitfit            ","Wobble Board            "]},{"type":"Squat","exercise_1":["Narrow Stancer","Medium Stancer","Wide Stancer","Duck Stance"],"exercise_2":["Heels elevatedr","Isometronicr","w/ankle extension"],"implementation_options":["Barbell","Dumbbell","Trap Bar","Kettlebell","Axle","Cambered Bar","Rocker Board            ","Sitfit            ","Wobble Board            "]},{"type":"Inertia Squat","exercise_1":["Narrow Stancer","Medium Stancer","Wide Stancer","Duck Stancer","Front Narrow Stancer","Front Medium Stancer","Front Wide Stancer","Front Duck Stance"],"exercise_2":["Top 1/4 ranger","Top 1/3 ranger","Top 1/2 ranger","Top 1/4 range w/ankle extensionr","Top 1/3 range w/ankle extensionr","Top 1/2 range w/ankle extension"],"implementation_options":["Barbell","Dumbbell","Trap Bar","Kettlebell","Axle","Cambered Bar","Rocker Board            ","Sitfit            ","Wobble Board            "]},{"type":"Front Squat","exercise_1":["Narrow Stancer","Medium Stancer","Wide Stancer","Duck Stance"],"exercise_2":["Heels elevatedr","Isometronicr","w/ankle extension"],"implementation_options":["Barbell","Dumbbell","Trap Bar","Kettlebell","Axle","Cambered Bar","Rocker Board            ","Sitfit            ","Wobble Board            "]},{"type":"Single Leg Squat","exercise_1":["Crouchingr","Bench Get up"],"exercise_2":[],"implementation_options":["Barbell","Dumbbell","Trap Bar","Kettlebell","Axle","Cambered Bar","Rocker Board            ","Sitfit            ","Wobble Board            "]},{"type":"Pistol Squat","exercise_1":["heel elevated"],"exercise_2":[],"implementation_options":["Barbell","Dumbbell","Trap Bar","Kettlebell","Axle","Cambered Bar","Rocker Board            ","Sitfit            ","Wobble Board            "]},{"type":"Jump Squat","exercise_1":[],"exercise_2":[],"implementation_options":["Barbell","Dumbbell","Trap Bar","Kettlebell","Axle","Cambered Bar","Rocker Board            ","Sitfit            ","Wobble Board            "]},{"type":"Machine Squat","exercise_1":["Feet Highr","Feet Low r","Feet Middler","Uni-Lateralr","Platz Stance"],"exercise_2":["Narrow Stancer","Medium Stancer","Wide Stancer","Duck Stance"],"implementation_options":["Barbell","Dumbbell","Trap Bar","Kettlebell","Axle","Cambered Bar","Rocker Board            ","Sitfit            ","Wobble Board            "]},{"type":"Trap Bar Squat","exercise_1":["Narrow Stancer","Medium Stancer","Wide Stancer","Duck Stance"],"exercise_2":["Heels elevatedr","Isometronicr","w/ankle extension"],"implementation_options":["Barbell","Dumbbell","Trap Bar","Kettlebell","Axle","Cambered Bar","Rocker Board            ","Sitfit            ","Wobble Board            "]},{"type":"Overhead Squat","exercise_1":[],"exercise_2":[],"implementation_options":["Barbell","Dumbbell","Trap Bar","Kettlebell","Axle","Cambered Bar","Rocker Board            ","Sitfit            ","Wobble Board            "]},{"type":"Telemark Squat","exercise_1":[],"exercise_2":[],"implementation_options":["Barbell","Dumbbell","Trap Bar","Kettlebell","Axle","Cambered Bar","Rocker Board            ","Sitfit            ","Wobble Board            "]},{"type":"Step-up","exercise_1":["Front            r","Front  Low Box          r","Petersen            r","Poliquin            r","Russian            r","Russian  Alternating          r","Side            r","Side  Low Box          "],"exercise_2":[],"implementation_options":["Barbell","Dumbbell","Trap Bar","Kettlebell","Axle","Cambered Bar","Rocker Board            ","Sitfit            ","Wobble Board            "]}]'),
(11, 'Shoulders', '[{"type":"Arnold Press","exercise_1":["Seated            r","Standing            "],"exercise_2":[],"implementation_options":[]},{"type":"Band Pull Aparts","exercise_1":[],"exercise_2":[],"implementation_options":[]},{"type":"Behind the Neck Press","exercise_1":["Seated            r","Standing            "],"exercise_2":[],"implementation_options":[]},{"type":"External Rotation","exercise_1":["Arm Extended and Abducted in Front            r","Arm Extended and Abducted Overhead            r","Arm Extended and Abducted to Side            r","Arm Extended and Adducted to Side            r","Arm Abducted in Front          r","Arm Abducted to Side          r","Arm Adducted to Side  Low Pulley        r","Arm Adducted to Side  Mid Pulley        r","Sidelying            r","Cobra            r","Cuban Press          r","Elbow on Knee            r","Muscle Snatch          "],"exercise_2":["Seatedr","Standingr","Kneeling"],"implementation_options":[]},{"type":"Front Raise","exercise_1":["15u00b0 Incline  Narrow Gripr","15u00b0 Incline  Medium Grip      r","15u00b0 Incline  Wide Gripr","15u00b0 Incline  One Arm     r","30u00b0 Incline  Narrow Grip     r","30u00b0 Incline  Medium Grip        r","30u00b0 Incline  Wide Grip       r","30u00b0 Incline  One-Armr","45u00b0 Incline   Narrow Grip       r","45u00b0 Incline  Medium Grip        r","45u00b0 Incline  Wide Grip        r","45u00b0 Incline  One-Arm        r","60u00b0 Incline   Narrow Gripr","60u00b0 Incline  Medium Gripr","60u00b0 Incline  Wide Gripr","60u00b0 Incline  One-Armr","Chest Supported  Scott Benchr","Seated  Narrow         r","Seated  Medium Grip       r","Seated  Wide Grip      r","Seated  One-Arm       r","Standing  Narrow Grip   r","Standing  Medium Grip        r","Standing  Wide Grip       r","Standing  One-Arm  "],"exercise_2":["Neutralr","Pronatedr","Pronatingr","Supinatedr","Supinatingr","Semi-Pronatedr","Semi-Supinated"],"implementation_options":[]},{"type":"Horizontal Abduction","exercise_1":["Seated r","Standingr","Kneeling"],"exercise_2":["Neutralr","Pronatedr","Semi-Pronatedr","Supinatedr","Supinatingr","Semi-Supinated"],"implementation_options":[]},{"type":"Landmine Press","exercise_1":["Neutralr","Pronated"],"exercise_2":["Neutralr","Pronatedr","Semi-Pronatedr","Supinatedr","Supinatingr","Semi-Supinated"],"implementation_options":[]},{"type":"Lateral Raise","exercise_1":["Bent-over            r","Machine            r","Prone  15u00b0 Incline          r","Prone  30u00b0 Incline     r","Prone  45u00b0 Incline      r","Prone  60u00b0 Incline      r","Prone  75u00b0 Incline       r","Prone  Flat          r","Seated            r","Seated  L-Lateral          r","Standingr","Standing L-Lateral"],"exercise_2":["One-Arm"],"implementation_options":[]},{"type":"Sidelying Lateral Raise","exercise_1":["on Forearm     r","15u00b0 Incline       r","30u00b0 Incline       r","45u00b0 Incline           "],"exercise_2":["Neutralr","Pronatedr","Semi-Pronatedr","Supinatedr","Supinatingr","Semi-Supinated"],"implementation_options":[]},{"type":"One-arm Land Mine Press","exercise_1":[],"exercise_2":["Neutralr","Pronatedr","Semi-Pronatedr","Supinatedr","Supinatingr","Semi-Supinated"],"implementation_options":[]},{"type":"Powell Raise","exercise_1":["15u00b0 Incline            r","30u00b0 Incline            r","45u00b0 Incline            r","Flat            r","Floor            r","Swiss Ball            "],"exercise_2":["Neutralr","Pronatedr","Semi-Pronatedr","Supinatedr","Supinatingr","Semi-Supinated"],"implementation_options":[]},{"type":"Reverse Flye","exercise_1":["Machine  Seated  Neutral        r","Machine  Seated  Pronated        "],"exercise_2":["Neutralr","Pronatedr","Semi-Pronatedr","Supinatedr","Supinatingr","Semi-Supinated"],"implementation_options":[]},{"type":"Scott Press","exercise_1":["Seated            r","Standing            "],"exercise_2":["Neutralr","Pronatedr","Semi-Pronatedr","Supinatedr","Supinatingr","Semi-Supinated"],"implementation_options":[]},{"type":"Shoulder Press","exercise_1":["Machine  Seated  Neutral        r","Machine Seatedr","Seatedr","Seated Unsupportedr","Standingr","Standing one arm anchored"],"exercise_2":["Neutralr","Pronatedr","Semi-Pronatedr","Supinatedr","Supinatingr","Semi-Supinatedr","One-Arm Neutralr","One-Arm Pronatedr","One-Arm Rotating"],"implementation_options":[]},{"type":"Shrug","exercise_1":["Prone  45u00b0 Incline        r","Prone  60u00b0 Incline        r","Prone  75u00b0 Incline        r","Seated  Machine        r","Seated          r","Seated  One-arm        r","Standing  Machine        r","Standing          r","Standing  One-arm        "],"exercise_2":["Neutralr","Pronatedr","Semi-Pronatedr","Supinatedr","Supinatingr","Semi-Supinatedr","One-Arm Neutralr","One-Arm Pronatedr","One-Arm Rotating"],"implementation_options":[]},{"type":"Sots Press","exercise_1":[],"exercise_2":["Neutralr","Pronatedr","Semi-Pronatedr","Supinatedr","Supinatingr","Semi-Supinatedr","One-Arm Neutralr","One-Arm Pronatedr","One-Arm Rotating"],"implementation_options":[]},{"type":"Turkish Getup","exercise_1":[],"exercise_2":["Neutralr","Pronatedr","Semi-Pronatedr","Supinatedr","Supinatingr","Semi-Supinatedr","One-Arm Neutralr","One-Arm Pronatedr","One-Arm Rotating"],"implementation_options":[]},{"type":"Upright Row","exercise_1":["Close gripr","Medium Gripr","Wide Grip"],"exercise_2":["Neutralr","Pronatedr","Semi-Pronatedr","Supinatedr","Supinatingr","Semi-Supinatedr","One-Arm Neutralr","One-Arm Pronatedr","One-Arm Rotating"],"implementation_options":[]}]');
INSERT INTO `workout_exercise_options_tbl` (`id`, `part`, `options`) VALUES
(12, 'Triceps', '[{"type":"Close Grip Bench Press","exercise_1":["15u00b0 Incline r","30u00b0 Incline r","45u00b0 Incline r","60u00b0 Incliner","Decliner","Flat "],"exercise_2":["Neutral   r","Pronated   r","Semi-Pronatedr","Semi-Supinatedr","Supinated   "],"implementation_options":["Barbell","Dumbbell","T-Grip Barbell","Football Bar","Thick Bar","EZ Bar","Triceps Bar","Triceps Rope","Multi-Grip Bar"]},{"type":"California Press","exercise_1":["Flat            "],"exercise_2":["Neutral   r","Pronated   r","Semi-Pronatedr","Semi-Supinatedr","Supinated   "],"implementation_options":["Barbell","Dumbbell","T-Grip Barbell","Football Bar","Thick Bar","EZ Bar","Triceps Bar","Triceps Rope","Multi-Grip Bar"]},{"type":"Triceps Dips","exercise_1":["Machiner","V-Barr","Parallel Barr","Rings"],"exercise_2":[],"implementation_options":["Barbell","Dumbbell","T-Grip Barbell","Football Bar","Thick Bar","EZ Bar","Triceps Bar","Triceps Rope","Multi-Grip Bar"]},{"type":"Floor Press","exercise_1":["Close grip","Medium Grip","Wide Grip"],"exercise_2":["Neutral   r","Pronated   r","Semi-Pronatedr","Semi-Supinatedr","Supinated   "],"implementation_options":["Barbell","Dumbbell","T-Grip Barbell","Football Bar","Thick Bar","EZ Bar","Triceps Bar","Triceps Rope","Multi-Grip Bar"]},{"type":"Machine French Press","exercise_1":["Close Gripr","Medium Gripr","One-Arm"],"exercise_2":["Neutral   r","Pronated   r","Semi-Pronatedr","Semi-Supinatedr","Supinated   "],"implementation_options":["Barbell","Dumbbell","T-Grip Barbell","Football Bar","Thick Bar","EZ Bar","Triceps Bar","Triceps Rope","Multi-Grip Bar"]},{"type":"Seated French Press","exercise_1":["Close Gripr","Medium Gripr","One-Arm"],"exercise_2":["Neutral   r","Pronated   r","Semi-Pronatedr","Semi-Supinatedr","Supinated   "],"implementation_options":["Barbell","Dumbbell","T-Grip Barbell","Football Bar","Thick Bar","EZ Bar","Triceps Bar","Triceps Rope","Multi-Grip Bar"]},{"type":"Standing French Press","exercise_1":["Close Gripr","Medium Gripr","One-Arm"],"exercise_2":["Neutral   r","Pronated   r","Semi-Pronatedr","Semi-Supinatedr","Supinated   "],"implementation_options":["Barbell","Dumbbell","T-Grip Barbell","Football Bar","Thick Bar","EZ Bar","Triceps Bar","Triceps Rope","Multi-Grip Bar"]},{"type":"Seated Half Press in rack","exercise_1":["Seated  Medium Grip  Pronated        "],"exercise_2":[],"implementation_options":["Barbell","Dumbbell","T-Grip Barbell","Football Bar","Thick Bar","EZ Bar","Triceps Bar","Triceps Rope","Multi-Grip Bar"]},{"type":"Kneeling Triceps Pressdown","exercise_1":["Close Grip      r","Medium Gripr","Wide Gripr","One arm"],"exercise_2":["Neutral   r","Pronated   r","Semi-Pronatedr","Semi-Supinatedr","Supinated   "],"implementation_options":["Barbell","Dumbbell","T-Grip Barbell","Football Bar","Thick Bar","EZ Bar","Triceps Bar","Triceps Rope","Multi-Grip Bar"]},{"type":"Prone Triceps Pressdown","exercise_1":["45u00b0 Incline  Close Grip        r","45u00b0 Incline  Medium Grip        r","45u00b0 Incline  Wide Grip"],"exercise_2":["Neutral   r","Pronated   r","Semi-Pronatedr","Semi-Supinatedr","Supinated   "],"implementation_options":["Barbell","Dumbbell","T-Grip Barbell","Football Bar","Thick Bar","EZ Bar","Triceps Bar","Triceps Rope","Multi-Grip Bar"]},{"type":"Standing Triceps Pressdown","exercise_1":["Close Gripr","Medium Gripr","Wide Gripr","One-Arm"],"exercise_2":["Neutral   r","Pronated   r","Semi-Pronatedr","Semi-Supinatedr","Supinated   "],"implementation_options":["Barbell","Dumbbell","T-Grip Barbell","Football Bar","Thick Bar","EZ Bar","Triceps Bar","Triceps Rope","Multi-Grip Bar"]},{"type":"Triceps Extension","exercise_1":["Flat Close Gripr","Flat Medium Gripr","15u00b0 Incline r","15u00b0 Incline  Close Gripr","15u00b0 Incline  Medium Grip        r","30u00b0 Incline r","30u00b0 Incline  Close Grip r","30u00b0 Incline  Medium Grip      r","45u00b0 Incline         r","45u00b0 Incline  Close Gripr","45u00b0 Incline  Medium Grip      r","Decline Close Gripr","Decline Medium Gripr","Machine"],"exercise_2":["Neutral   r","Pronated   r","Semi-Pronatedr","Semi-Supinatedr","Supinated   "],"implementation_options":["Barbell","Dumbbell","T-Grip Barbell","Football Bar","Thick Bar","EZ Bar","Triceps Bar","Triceps Rope","Multi-Grip Bar"]}]'),
(13, 'Olympic Lifts', '[{"type":"Clean","exercise_1":["Floorr","Blocksr","Podium"],"exercise_2":[],"implementation_options":["Barbell","15 Kg Barbell","20 Kg Barbell"]},{"type":"Clean and Jerk","exercise_1":["Mid Thighr","Above Kneer","Below Knee"],"exercise_2":[],"implementation_options":["Barbell","15 Kg Barbell","20 Kg Barbell"]},{"type":"Clean and Press","exercise_1":[],"exercise_2":[],"implementation_options":["Barbell","15 Kg Barbell","20 Kg Barbell"]},{"type":"Hang Clean","exercise_1":["Mid Thighr","Above Kneer","Kneer","Below the Knee            "],"exercise_2":[],"implementation_options":["Barbell","15 Kg Barbell","20 Kg Barbell"]},{"type":"Power Clean","exercise_1":["Floorr","Mid Thigh            r","Kneer","Below Knee"],"exercise_2":[],"implementation_options":["Barbell","15 Kg Barbell","20 Kg Barbell"]},{"type":"Power Clean + Front Squat + Push Press","exercise_1":[],"exercise_2":[],"implementation_options":["Barbell","15 Kg Barbell","20 Kg Barbell"]},{"type":"Power Clean + Front Squat  ","exercise_1":[],"exercise_2":[],"implementation_options":["Barbell","15 Kg Barbell","20 Kg Barbell"]},{"type":"Power Clean + Push Press","exercise_1":[],"exercise_2":[],"implementation_options":["Barbell","15 Kg Barbell","20 Kg Barbell"]},{"type":"Power Clean + Clean Pull","exercise_1":[],"exercise_2":[],"implementation_options":["Barbell","15 Kg Barbell","20 Kg Barbell"]},{"type":"Clean Pull","exercise_1":["Floorr","Mid Thighr","Above Kneer","Kneer","Below Knee"],"exercise_2":["Power Rackr","Blocksr","Hangr","Podium"],"implementation_options":["Barbell","15 Kg Barbell","20 Kg Barbell"]},{"type":"Snatch","exercise_1":["Floorr","Mid Thighr","Above Kneer","Kneer","Below Knee"],"exercise_2":["Blocksr","Podium"],"implementation_options":["Barbell","15 Kg Barbell","20 Kg Barbell"]},{"type":"Power Snatch","exercise_1":["blocksr","Above the Knee            r","Below the Knee            r","Mid Thigh            r","Podium            "],"exercise_2":[],"implementation_options":["Barbell","15 Kg Barbell","20 Kg Barbell"]},{"type":"Hang Snatch","exercise_1":["Mid Thighr","Above Kneer","Kneer","Below the Knee            "],"exercise_2":[],"implementation_options":["Barbell","15 Kg Barbell","20 Kg Barbell"]},{"type":"Power Snatch + Overhead Squat","exercise_1":[],"exercise_2":[],"implementation_options":["Barbell","15 Kg Barbell","20 Kg Barbell"]},{"type":"Push Jerk behind the Neck","exercise_1":["Clean Gripr","Snatch Grip"],"exercise_2":[],"implementation_options":["Barbell","15 Kg Barbell","20 Kg Barbell"]},{"type":"Overhead Squat","exercise_1":["Clean gripr","Snatch Grip"],"exercise_2":[],"implementation_options":["Barbell","15 Kg Barbell","20 Kg Barbell"]},{"type":"Sots Press","exercise_1":[],"exercise_2":[],"implementation_options":["Barbell","15 Kg Barbell","20 Kg Barbell"]},{"type":"Split Jerk","exercise_1":[],"exercise_2":[],"implementation_options":["Barbell","15 Kg Barbell","20 Kg Barbell"]}]'),
(14, 'Plyometrics', '[{"type":"Box Jump","exercise_1":[],"exercise_2":[],"implementation_options":[]},{"type":"Squat Jump","exercise_1":[],"exercise_2":[],"implementation_options":[]},{"type":"Tuck Jump","exercise_1":[],"exercise_2":[],"implementation_options":[]},{"type":"Split Jump","exercise_1":[],"exercise_2":[],"implementation_options":[]},{"type":"Ankle Jumps","exercise_1":[],"exercise_2":[],"implementation_options":[]},{"type":"Standing Broad Jump","exercise_1":[],"exercise_2":[],"implementation_options":[]},{"type":"Jump Rope","exercise_1":[],"exercise_2":[],"implementation_options":[]},{"type":"Depth Jump","exercise_1":[],"exercise_2":[],"implementation_options":[]},{"type":"Hurdle Jump","exercise_1":[],"exercise_2":[],"implementation_options":[]},{"type":"Lateral Jump","exercise_1":[],"exercise_2":[],"implementation_options":[]},{"type":"Penta Jump","exercise_1":[],"exercise_2":[],"implementation_options":[]},{"type":"Broad Jump","exercise_1":["Forward and Lateral            "],"exercise_2":[],"implementation_options":[]},{"type":"Med Ball","exercise_1":["Chest Pass            r","Overhead Toss            r","Pullover Passr","Side Toss with Rotation            r","Slam            r","Supine Chest Pass            "],"exercise_2":[],"implementation_options":[]}]'),
(15, 'Strongman', '[{"type":"Axle Clean + Press","exercise_1":[],"exercise_2":[],"implementation_options":[]},{"type":"Axle Clean & Press","exercise_1":[],"exercise_2":[],"implementation_options":[]},{"type":"Axle Deadlift","exercise_1":[],"exercise_2":[],"implementation_options":[]},{"type":"Axle Press","exercise_1":[],"exercise_2":[],"implementation_options":[]},{"type":"Car Deadlift","exercise_1":[],"exercise_2":[],"implementation_options":[]},{"type":"Circus Dumbbell Clean & Press ","exercise_1":[],"exercise_2":[],"implementation_options":[]},{"type":"Circus Dumbbell Press","exercise_1":[],"exercise_2":[],"implementation_options":[]},{"type":"Conan''s Wheel","exercise_1":[],"exercise_2":[],"implementation_options":[]},{"type":"Farmer''s Handle Deadlift","exercise_1":[],"exercise_2":[],"implementation_options":[]},{"type":"Farmer''s Walk","exercise_1":["Forward Start and Stops            r","Forward with Turnr","Reverse Start and Stops            r","Side Bend            "],"exercise_2":[],"implementation_options":[]},{"type":"Frame Carry","exercise_1":[],"exercise_2":[],"implementation_options":[]},{"type":"Frame Deadlift","exercise_1":[],"exercise_2":[],"implementation_options":[]},{"type":"Husafel Carry","exercise_1":[],"exercise_2":[],"implementation_options":[]},{"type":"Keg Carry","exercise_1":[],"exercise_2":[],"implementation_options":[]},{"type":"Keg Clean & Press Away","exercise_1":[],"exercise_2":[],"implementation_options":[]},{"type":"Keg Clean & Press Every Rep","exercise_1":[],"exercise_2":[],"implementation_options":[]},{"type":"Keg Over Bar","exercise_1":[],"exercise_2":[],"implementation_options":[]},{"type":"Log Press","exercise_1":[],"exercise_2":[],"implementation_options":[]},{"type":"Log Inertia press","exercise_1":[],"exercise_2":[],"implementation_options":[]},{"type":"Log Incline Press","exercise_1":[],"exercise_2":[],"implementation_options":[]},{"type":"Log Clean + Press","exercise_1":[],"exercise_2":[],"implementation_options":[]},{"type":"Log Clean & Press ","exercise_1":[],"exercise_2":[],"implementation_options":[]},{"type":"Log Push Press","exercise_1":[],"exercise_2":[],"implementation_options":[]},{"type":"Prowler Push","exercise_1":["Shoulder Harness"],"exercise_2":[],"implementation_options":[]},{"type":"Sandbag Carry","exercise_1":[],"exercise_2":[],"implementation_options":[]},{"type":"Sandbag Over Bar","exercise_1":[],"exercise_2":[],"implementation_options":[]},{"type":"Sled Drag","exercise_1":["Backwards            r","Backwards Walk            r","Bear Crawlr","Bent-Over Hamstring            r","Bent-Over Sideways Ankle            r","Carioca            r","Arms Extended Forward Drag         r","Claw Walk            r","Face Pull            r","Lunge Walk            r","Nose-to-Sky Backwards            r","Petersen            r","Pull-Through            r","Push            r","Row            r","Sideways Ankle            r","Sideways  Hand Hold          r","Single-Arm Backwards            r","Single-Arm Hamstring            r","Thick Rope Pull            r","Tow with Harness            "],"exercise_2":[],"implementation_options":[]},{"type":"Sledge Hammer","exercise_1":[],"exercise_2":[],"implementation_options":[]},{"type":"Atlas Stone","exercise_1":[],"exercise_2":[],"implementation_options":[]},{"type":"Atlas Stone Carry","exercise_1":[],"exercise_2":[],"implementation_options":[]},{"type":"Atlas Stone Over Bar","exercise_1":[],"exercise_2":[],"implementation_options":[]},{"type":"Atlas Stone Series","exercise_1":[],"exercise_2":[],"implementation_options":[]},{"type":"Atlas Stone to Platform","exercise_1":[],"exercise_2":[],"implementation_options":[]},{"type":"Tire Flip","exercise_1":[],"exercise_2":[],"implementation_options":[]},{"type":"Viking Press","exercise_1":[],"exercise_2":[],"implementation_options":[]},{"type":"Super Yolk","exercise_1":["Bottom Position Squat            r","Forward Start and Stops            r","Reverse Start and Stops            r","Walk            r","Zercher Carry            "],"exercise_2":[],"implementation_options":[]}]'),
(16, 'Conditioning/Calisthenics', '[{"type":"Airdyne","exercise_1":[],"exercise_2":[],"implementation_options":["Weight Vest","Med Ball","Battle Ropes","Sandbag","Shoulder Harness","Sled Harness"]},{"type":"Pushups","exercise_1":[],"exercise_2":[],"implementation_options":["Weight Vest","Med Ball","Battle Ropes","Sandbag","Shoulder Harness","Sled Harness"]},{"type":"Burpees","exercise_1":[],"exercise_2":[],"implementation_options":["Weight Vest","Med Ball","Battle Ropes","Sandbag","Shoulder Harness","Sled Harness"]},{"type":"Jumping Jacks","exercise_1":[],"exercise_2":[],"implementation_options":["Weight Vest","Med Ball","Battle Ropes","Sandbag","Shoulder Harness","Sled Harness"]},{"type":"Bear Crawl","exercise_1":[],"exercise_2":[],"implementation_options":["Weight Vest","Med Ball","Battle Ropes","Sandbag","Shoulder Harness","Sled Harness"]},{"type":"Lizard Crawl","exercise_1":[],"exercise_2":[],"implementation_options":["Weight Vest","Med Ball","Battle Ropes","Sandbag","Shoulder Harness","Sled Harness"]},{"type":"Jump Rope","exercise_1":[],"exercise_2":[],"implementation_options":["Weight Vest","Med Ball","Battle Ropes","Sandbag","Shoulder Harness","Sled Harness"]},{"type":"Sprints","exercise_1":[],"exercise_2":[],"implementation_options":["Weight Vest","Med Ball","Battle Ropes","Sandbag","Shoulder Harness","Sled Harness"]},{"type":"Hill Run","exercise_1":[],"exercise_2":[],"implementation_options":["Weight Vest","Med Ball","Battle Ropes","Sandbag","Shoulder Harness","Sled Harness"]},{"type":"Backpedal Run","exercise_1":[],"exercise_2":[],"implementation_options":["Weight Vest","Med Ball","Battle Ropes","Sandbag","Shoulder Harness","Sled Harness"]},{"type":"Double Unders","exercise_1":[],"exercise_2":[],"implementation_options":["Weight Vest","Med Ball","Battle Ropes","Sandbag","Shoulder Harness","Sled Harness"]},{"type":"Sled Drag","exercise_1":[],"exercise_2":[],"implementation_options":["Weight Vest","Med Ball","Battle Ropes","Sandbag","Shoulder Harness","Sled Harness"]},{"type":"Battling Ropes","exercise_1":[],"exercise_2":[],"implementation_options":["Weight Vest","Med Ball","Battle Ropes","Sandbag","Shoulder Harness","Sled Harness"]},{"type":"Weighted Run","exercise_1":[],"exercise_2":[],"implementation_options":["Weight Vest","Med Ball","Battle Ropes","Sandbag","Shoulder Harness","Sled Harness"]},{"type":"Rowing Machine","exercise_1":[],"exercise_2":[],"implementation_options":["Weight Vest","Med Ball","Battle Ropes","Sandbag","Shoulder Harness","Sled Harness"]},{"type":"Sledge Hammer","exercise_1":[],"exercise_2":[],"implementation_options":["Weight Vest","Med Ball","Battle Ropes","Sandbag","Shoulder Harness","Sled Harness"]},{"type":"Prowler Push","exercise_1":[],"exercise_2":[],"implementation_options":["Weight Vest","Med Ball","Battle Ropes","Sandbag","Shoulder Harness","Sled Harness"]}]'),
(17, 'Mobility', '[{"type":"Neck - Side Flexion","exercise_1":[],"exercise_2":[],"implementation_options":["Active Isolated","Static","PNF"]},{"type":"Neck - Suboccipital stretch","exercise_1":[],"exercise_2":[],"implementation_options":["Active Isolated","Static","PNF"]},{"type":"Neck - Upper Trap Stretch","exercise_1":[],"exercise_2":[],"implementation_options":["Active Isolated","Static","PNF"]},{"type":"Neck - Sternocleidomastoid stretch","exercise_1":[],"exercise_2":[],"implementation_options":["Active Isolated","Static","PNF"]},{"type":"Neck - Neck CAR","exercise_1":[],"exercise_2":[],"implementation_options":["Active Isolated","Static","PNF"]},{"type":"Thoracic/Lumbar/Abs - Cat/Camel","exercise_1":[],"exercise_2":[],"implementation_options":["Active Isolated","Static","PNF"]},{"type":"Thoracic/Lumbar/Abs - Abdominal stretch on Swiss Ball","exercise_1":[],"exercise_2":[],"implementation_options":["Active Isolated","Static","PNF"]},{"type":"Thoracic/Lumbar/Abs - Oblique Stretch on Swiss Ball","exercise_1":[],"exercise_2":[],"implementation_options":["Active Isolated","Static","PNF"]},{"type":"Thoracic/Lumbar/Abs - McKenzie Press-up","exercise_1":[],"exercise_2":[],"implementation_options":["Active Isolated","Static","PNF"]},{"type":"Thoracic/Lumbar/Abs - Seated Quadratus Lumborum","exercise_1":[],"exercise_2":[],"implementation_options":["Active Isolated","Static","PNF"]},{"type":"Thoracic/Lumbar/Abs - Thoracic CAR","exercise_1":[],"exercise_2":[],"implementation_options":["Active Isolated","Static","PNF"]},{"type":"Shoulder/Chest - Standing Chest Stretch","exercise_1":[],"exercise_2":[],"implementation_options":["Active Isolated","Static","PNF"]},{"type":"Shoulder/Chest - Supine Trunk Rotation","exercise_1":[],"exercise_2":[],"implementation_options":["Active Isolated","Static","PNF"]},{"type":"Shoulder/Chest - Side Lying Shoulder External Rotation","exercise_1":[],"exercise_2":[],"implementation_options":["Active Isolated","Static","PNF"]},{"type":"Shoulder/Chest - Side Lying Shoulder Internal Rotation","exercise_1":[],"exercise_2":[],"implementation_options":["Active Isolated","Static","PNF"]},{"type":"Shoulder/Chest - Shoulder CAR","exercise_1":[],"exercise_2":[],"implementation_options":["Active Isolated","Static","PNF"]},{"type":"Arms - Standing biceps","exercise_1":[],"exercise_2":[],"implementation_options":["Active Isolated","Static","PNF"]},{"type":"Arms - Overhead Triceps","exercise_1":[],"exercise_2":[],"implementation_options":["Active Isolated","Static","PNF"]},{"type":"Arms - Elbow CAR","exercise_1":[],"exercise_2":[],"implementation_options":["Active Isolated","Static","PNF"]},{"type":"Arms - Wrist CAR","exercise_1":[],"exercise_2":[],"implementation_options":["Active Isolated","Static","PNF"]},{"type":"Arms - Wrist Flexion","exercise_1":[],"exercise_2":[],"implementation_options":["Active Isolated","Static","PNF"]},{"type":"Arms - Wrist Extension","exercise_1":[],"exercise_2":[],"implementation_options":["Active Isolated","Static","PNF"]},{"type":"Upper Back/Lats - Rhomboid Stretch","exercise_1":[],"exercise_2":[],"implementation_options":["Active Isolated","Static","PNF"]},{"type":"Upper Back/Lats - Lat stretch/Table Top","exercise_1":[],"exercise_2":[],"implementation_options":["Active Isolated","Static","PNF"]},{"type":"Upper Back/Lats - Posterior Shoulder ","exercise_1":[],"exercise_2":[],"implementation_options":["Active Isolated","Static","PNF"]},{"type":"Upper Back/Lats - Scapulae CAR","exercise_1":[],"exercise_2":[],"implementation_options":["Active Isolated","Static","PNF"]},{"type":"Hips - 90/90 hip external rotation","exercise_1":[],"exercise_2":[],"implementation_options":["Active Isolated","Static","PNF"]},{"type":"Hips - 90/90 hip internal rotation","exercise_1":[],"exercise_2":[],"implementation_options":["Active Isolated","Static","PNF"]},{"type":"Hips - 90/90 QL/Latissimus Dorsi","exercise_1":[],"exercise_2":[],"implementation_options":["Active Isolated","Static","PNF"]},{"type":"Hips - Kneeling Hip Flexor ","exercise_1":[],"exercise_2":[],"implementation_options":["Active Isolated","Static","PNF"]},{"type":"Hips - Kneeling Short Adductor ","exercise_1":[],"exercise_2":[],"implementation_options":["Active Isolated","Static","PNF"]},{"type":"Hips - Standing HIp Abductor/TFL stretch","exercise_1":[],"exercise_2":[],"implementation_options":["Active Isolated","Static","PNF"]},{"type":"Hips - Prone Groin stretch","exercise_1":[],"exercise_2":[],"implementation_options":["Active Isolated","Static","PNF"]},{"type":"Hips - Passive Full Squat","exercise_1":[],"exercise_2":[],"implementation_options":["Active Isolated","Static","PNF"]},{"type":"Hips - Hip CAR","exercise_1":[],"exercise_2":[],"implementation_options":["Active Isolated","Static","PNF"]},{"type":"Legs - Kneeling Quadriceps Stretch","exercise_1":[],"exercise_2":[],"implementation_options":["Active Isolated","Static","PNF"]},{"type":"Legs - Supine Hamstrings","exercise_1":[],"exercise_2":[],"implementation_options":["Active Isolated","Static","PNF"]},{"type":"Legs - Knee CAR","exercise_1":[],"exercise_2":[],"implementation_options":["Active Isolated","Static","PNF"]},{"type":"Legs - Kneecap CAR","exercise_1":[],"exercise_2":[],"implementation_options":["Active Isolated","Static","PNF"]},{"type":"Legs - Sidelying Quadriceps","exercise_1":[],"exercise_2":[],"implementation_options":["Active Isolated","Static","PNF"]},{"type":"Ankle - Ankle Circles","exercise_1":[],"exercise_2":[],"implementation_options":["Active Isolated","Static","PNF"]},{"type":"Ankle - Tibialis Anterior, Kneeling","exercise_1":[],"exercise_2":[],"implementation_options":["Active Isolated","Static","PNF"]},{"type":"Ankle - Soleus Stretch","exercise_1":[],"exercise_2":[],"implementation_options":["Active Isolated","Static","PNF"]},{"type":"Ankle - Gastrocnemius Stretch, Standing","exercise_1":[],"exercise_2":[],"implementation_options":["Active Isolated","Static","PNF"]},{"type":"Ankle - Ankle CAR","exercise_1":[],"exercise_2":[],"implementation_options":["Active Isolated","Static","PNF"]},{"type":"Foot - Toe CAR","exercise_1":[],"exercise_2":[],"implementation_options":["Active Isolated","Static","PNF"]},{"type":"Foot - Toe Dorsiflexion","exercise_1":[],"exercise_2":[],"implementation_options":["Active Isolated","Static","PNF"]},{"type":"Foot - Toe Plantarflexion","exercise_1":[],"exercise_2":[],"implementation_options":["Active Isolated","Static","PNF"]}]');

-- --------------------------------------------------------

--
-- Table structure for table `workout_exercise_strength_qualities_tbl`
--

CREATE TABLE IF NOT EXISTS `workout_exercise_strength_qualities_tbl` (
  `id` int(11) NOT NULL,
  `name` varchar(10) NOT NULL,
  `options` text NOT NULL
) ENGINE=InnoDB AUTO_INCREMENT=5 DEFAULT CHARSET=latin1;

--
-- Dumping data for table `workout_exercise_strength_qualities_tbl`
--

INSERT INTO `workout_exercise_strength_qualities_tbl` (`id`, `name`, `options`) VALUES
(1, 'ES', '{"set_options":[1,2,3,4,5,6,7,8,9,10],"rep_options":["5 sec","10 sec","15 sec","20 sec","30 sec","45 sec","60 sec","75 sec","90 sec","5 meter","10 meters","15 meters","20 meters","25 meters","30 meters","40 meters","50 meters","60 meters","100 meters","200 meters","300 meters","400 meters","800 meters","25 feet","50 feet","75 feet","100 feet"],"tempo":["maximal","submaximal","fast","slow","Moderate"],"rest":["15 sec","30 sec","45 sec","60 sec","75 sec","90 sec","120 sec","150 sec","3 min","4 min","5 min"]}'),
(2, 'H', '{"set_options":[1,2,3,4,5,6,7,8,9,10],"rep_options":["6","7","8","9","10","12","15","20","6-8","7-9","8-10","10-12","12-15","15-20","(6,x,x)*","(8,x,x)*","(6,6,6)**","(8,8,8)**","(10,6,4)**","12,10,8","15,12,10","20,15,12","8,6,4,4,6,8","8,6,4,20","7,5,3,7,5,3","AMRAP"],"tempo":["2011","3011","4011","5011","2110","3110","4110","5110"],"rest":["15 sec","30 sec","45 sec","60 sec","75 sec","90 sec","120 sec","150 sec","3 min","4 min","5 min"],"repetition_pattern":["*rest-pause","**drop set","Cluster","Ascending Load","Constant Load","Descending Load*","Pyramid Load","Wave Load","Step Load","AMRAP(as many reps as possible)"],"tempo_explained":["The First Number - Using the squat as an example, the 3 will represent the amount of time (in seconds) it takes you to descend to the bottom position.","The Second Number - The second number refers to the time spent in the bottom/transition between eccentric(lowering) and the concentric(ascending) portion of the exercise. The 0 means the trainee immediately begins their ascent after they reach the bottom postion. If the prescription were 32X0, the trainee would pause for 2 seconds at the bottom position.","The Third Number - The third number refers to ascending (concentric) phase of the lift. The X  indicates that the trainee must EXPLODE at the initiation of the concentric action and try to accelerate the load throughout the entire range of motion. Intent is vital; the load may move slowly but you must try to move as fast as possible. If number is 2, it should take 2 seconds to complete the lift even if they are capable of moving it faster.","The Fourth Number - The fourth number indicates the pause at the moment before the start of the next repetition of the lift. For a 45 degree back extension with a tempo of 2012, the trainee will hold an isometric contraction in the extended position for two seconds before lowering."]}'),
(3, 'MS', '{"set_options":[1,2,3,4,5,6,7,8,9,10],"rep_options":["1","2","3","4","5","6","2-4","3-5","4-6","(1-1-1-1-1)","(4,x,x)*","(4,4,4)**","5,3,2,2,3,5","6,4,2,2,4,6","5,4,3,2,1","3,2,1,1,2,3"],"tempo":["20X1","30X1","40X1","50X1","21X0","31X0","41X0","51X0"],"rest":["15 sec","30 sec","45 sec","60 sec","75 sec","90 sec","120 sec","150 sec","3 min","4 min","5 min"],"repetition_pattern":["*rest-pause","**drop set","Cluster","Ascending Load*","Constant Load*","Descending Load*","Pyramid Load","Wave Load","Step Load"],"tempo_explained":["The First Number - Using the squat as an example, the 3 will represent the amount of time (in seconds) it takes you to descend to the bottom position.","The Second Number - The second number refers to the time spent in the bottom/transition between eccentric(lowering) and the concentric(ascending) portion of the exercise. The 0 means the trainee immediately begins their ascent after they reach the bottom postion. If the prescription were 32X0, the trainee would pause for 2 seconds at the bottom position.","The Third Number - The third number refers to ascending (concentric) phase of the lift. The X  indicates that the trainee must EXPLODE at the initiation of the concentric action and try to accelerate the load throughout the entire range of motion. Intent is vital; the load may move slowly but you must try to move as fast as possible. If number is 2, it should take 2 seconds to complete the lift even if they are capable of moving it faster.","The Fourth Number u2013 The fourth number indicates the pause at the moment before the start of the next repetition of the lift. For a 45 degree back extension with a tempo of 2012, the trainee will hold an isometric contraction in the extended position for two seconds before lowering.","*Ascending Load: Load is increased upon each successful set all while maintaining repetition range","*Constant Load: load is slightly below your maximal performance for the prescribed repetitions, allows completition of all prescribed sets and reps","*Descending Load: Initial load is at rep maximum, load is decrease after each set in order to maintain rep range","*Pyramid Load: load is increased and repetitions decreased with each successive set"]}'),
(4, 'SE', '{"set_options":[1,2,3,4,5,6,7,8,9,10],"rep_options":["20-25","25-30","35-40","45-50","50","75","100","AMRAP"],"tempo":["1010","2010","3010","2011","2110","3011","3110"],"rest":["15 sec","30 sec","45 sec","60 sec","75 sec","90 sec","120 sec","150 sec","3 min","4 min","5 min"],"repetition_pattern":["rest-pause","drop set","Cluster","Ascending Load","Constant Load","Descending Load","Pyramid Load","Wave Load","Step Load"]}');

-- --------------------------------------------------------

--
-- Table structure for table `workout_tbl`
--

CREATE TABLE IF NOT EXISTS `workout_tbl` (
  `workout_ID` int(11) unsigned NOT NULL,
  `workout_name` varchar(255) NOT NULL,
  `workout_description` text,
  `workout_gym_ID` int(11) NOT NULL,
  `workout_trainer_ID` int(10) unsigned NOT NULL,
  `workout_date` date DEFAULT NULL,
  `workout_time` datetime DEFAULT NULL
) ENGINE=InnoDB AUTO_INCREMENT=5 DEFAULT CHARSET=latin1;

--
-- Dumping data for table `workout_tbl`
--

INSERT INTO `workout_tbl` (`workout_ID`, `workout_name`, `workout_description`, `workout_gym_ID`, `workout_trainer_ID`, `workout_date`, `workout_time`) VALUES
(1, 'w1', NULL, 0, 4, NULL, NULL),
(3, 'Test WOrkout', NULL, 0, 4, NULL, NULL),
(4, 'Test Workout 2', NULL, 0, 4, NULL, NULL);

--
-- Indexes for dumped tables
--

--
-- Indexes for table `workout_activity_logs`
--
ALTER TABLE `workout_activity_logs`
  ADD PRIMARY KEY (`id`);

--
-- Indexes for table `workout_client_exercises_logs`
--
ALTER TABLE `workout_client_exercises_logs`
  ADD PRIMARY KEY (`id`);

--
-- Indexes for table `workout_client_exercise_assignments`
--
ALTER TABLE `workout_client_exercise_assignments`
  ADD PRIMARY KEY (`id`);

--
-- Indexes for table `workout_client_exercise_assignment_sets`
--
ALTER TABLE `workout_client_exercise_assignment_sets`
  ADD PRIMARY KEY (`id`);

--
-- Indexes for table `workout_client_set_logs`
--
ALTER TABLE `workout_client_set_logs`
  ADD PRIMARY KEY (`id`);

--
-- Indexes for table `workout_days_tbl`
--
ALTER TABLE `workout_days_tbl`
  ADD PRIMARY KEY (`wday_ID`);

--
-- Indexes for table `workout_day_clients_tbl`
--
ALTER TABLE `workout_day_clients_tbl`
  ADD PRIMARY KEY (`workout_client_ID`);

--
-- Indexes for table `workout_exercises_tbl`
--
ALTER TABLE `workout_exercises_tbl`
  ADD PRIMARY KEY (`exer_ID`);

--
-- Indexes for table `workout_exercise_options_tbl`
--
ALTER TABLE `workout_exercise_options_tbl`
  ADD PRIMARY KEY (`id`);

--
-- Indexes for table `workout_exercise_strength_qualities_tbl`
--
ALTER TABLE `workout_exercise_strength_qualities_tbl`
  ADD PRIMARY KEY (`id`);

--
-- Indexes for table `workout_tbl`
--
ALTER TABLE `workout_tbl`
  ADD PRIMARY KEY (`workout_ID`);

--
-- AUTO_INCREMENT for dumped tables
--

--
-- AUTO_INCREMENT for table `workout_activity_logs`
--
ALTER TABLE `workout_activity_logs`
  MODIFY `id` int(11) NOT NULL AUTO_INCREMENT,AUTO_INCREMENT=7;
--
-- AUTO_INCREMENT for table `workout_client_exercises_logs`
--
ALTER TABLE `workout_client_exercises_logs`
  MODIFY `id` int(11) NOT NULL AUTO_INCREMENT;
--
-- AUTO_INCREMENT for table `workout_client_exercise_assignments`
--
ALTER TABLE `workout_client_exercise_assignments`
  MODIFY `id` int(11) NOT NULL AUTO_INCREMENT,AUTO_INCREMENT=8;
--
-- AUTO_INCREMENT for table `workout_client_exercise_assignment_sets`
--
ALTER TABLE `workout_client_exercise_assignment_sets`
  MODIFY `id` int(11) NOT NULL AUTO_INCREMENT,AUTO_INCREMENT=31;
--
-- AUTO_INCREMENT for table `workout_client_set_logs`
--
ALTER TABLE `workout_client_set_logs`
  MODIFY `id` int(11) NOT NULL AUTO_INCREMENT;
--
-- AUTO_INCREMENT for table `workout_days_tbl`
--
ALTER TABLE `workout_days_tbl`
  MODIFY `wday_ID` int(11) unsigned NOT NULL AUTO_INCREMENT,AUTO_INCREMENT=12;
--
-- AUTO_INCREMENT for table `workout_day_clients_tbl`
--
ALTER TABLE `workout_day_clients_tbl`
  MODIFY `workout_client_ID` int(11) unsigned NOT NULL AUTO_INCREMENT,AUTO_INCREMENT=16;
--
-- AUTO_INCREMENT for table `workout_exercises_tbl`
--
ALTER TABLE `workout_exercises_tbl`
  MODIFY `exer_ID` int(11) NOT NULL AUTO_INCREMENT,AUTO_INCREMENT=21;
--
-- AUTO_INCREMENT for table `workout_exercise_options_tbl`
--
ALTER TABLE `workout_exercise_options_tbl`
  MODIFY `id` int(11) NOT NULL AUTO_INCREMENT,AUTO_INCREMENT=18;
--
-- AUTO_INCREMENT for table `workout_exercise_strength_qualities_tbl`
--
ALTER TABLE `workout_exercise_strength_qualities_tbl`
  MODIFY `id` int(11) NOT NULL AUTO_INCREMENT,AUTO_INCREMENT=5;
--
-- AUTO_INCREMENT for table `workout_tbl`
--
ALTER TABLE `workout_tbl`
  MODIFY `workout_ID` int(11) unsigned NOT NULL AUTO_INCREMENT,AUTO_INCREMENT=5;
/*!40101 SET CHARACTER_SET_CLIENT=@OLD_CHARACTER_SET_CLIENT */;
/*!40101 SET CHARACTER_SET_RESULTS=@OLD_CHARACTER_SET_RESULTS */;
/*!40101 SET COLLATION_CONNECTION=@OLD_COLLATION_CONNECTION */;
